index,ise_score,alarm_fired,above_threshold
0,0.0,0,0
1,0.0,0,0
2,0.0,0,0
3,0.0,0,0
4,0.0,0,0
5,0.0,0,0
6,0.0,0,0
7,0.0,0,0
8,0.0,0,0
9,0.0,0,0
10,0.0,0,0
11,0.0,0,0
12,0.0,0,0
13,0.0,0,0
14,0.0,0,0
15,0.0,0,0
16,0.0,0,0
17,0.0,0,0
18,0.0,0,0
19,0.0,0,0
20,0.0,0,0
21,0.0,0,0
22,0.0,0,0
23,0.0,0,0
24,0.0,0,0
25,0.0,0,0
26,0.0,0,0
27,0.0,0,0
28,0.0,0,0
29,0.0,0,0
30,0.0,0,0
31,0.0,0,0
32,0.0,0,0
33,0.0,0,0
34,0.0,0,0
35,0.0,0,0
36,0.0,0,0
37,0.0,0,0
38,0.0,0,0
39,0.0,0,0
40,0.0,0,0
41,0.0,0,0
42,0.0,0,0
43,0.0,0,0
44,0.0,0,0
45,0.0,0,0
46,0.0,0,0
47,0.0,0,0
48,0.0,0,0
49,0.0,0,0
50,0.0,0,0
51,0.0,0,0
52,0.0,0,0
53,0.0,0,0
54,0.0,0,0
55,0.0,0,0
56,0.0,0,0
57,0.0,0,0
58,0.0,0,0
59,0.0,0,0
60,0.0,0,0
61,0.0,0,0
62,0.0,0,0
63,0.0,0,0
64,0.0,0,0
65,0.0,0,0
66,0.0,0,0
67,0.0,0,0
68,0.0,0,0
69,0.0,0,0
70,0.0,0,0
71,0.0,0,0
72,0.0,0,0
73,0.0,0,0
74,0.0,0,0
75,0.0,0,0
76,0.0,0,0
77,0.0,0,0
78,0.0,0,0
79,0.0,0,0
80,0.0,0,0
81,0.0,0,0
82,0.0,0,0
83,0.0,0,0
84,0.0,0,0
85,0.0,0,0
86,0.0,0,0
87,0.0,0,0
88,0.0,0,0
89,0.0,0,0
90,0.0,0,0
91,0.0,0,0
92,0.0,0,0
93,0.0,0,0
94,0.0,0,0
95,0.0,0,0
96,0.0,0,0
97,0.0,0,0
98,0.0,0,0
99,0.0,0,0
100,0.0,0,0
101,0.0,0,0
102,0.0,0,0
103,0.0,0,0
104,0.0,0,0
105,0.0,0,0
106,0.0,0,0
107,0.0,0,0
108,0.0,0,0
109,0.0,0,0
110,0.0,0,0
111,0.0,0,0
112,0.0,0,0
113,0.0,0,0
114,0.0,0,0
115,0.0,0,0
116,0.0,0,0
117,0.0,0,0
118,0.0,0,0
119,0.0,0,0
120,0.0,0,0
121,0.0,0,0
122,0.0,0,0
123,0.0,0,0
124,0.0,0,0
125,0.0,0,0
126,0.0,0,0
127,0.0,0,0
128,0.0,0,0
129,0.0,0,0
130,0.0,0,0
131,0.0,0,0
132,0.0,0,0
133,0.0,0,0
134,0.0,0,0
135,0.0,0,0
136,0.0,0,0
137,0.0,0,0
138,0.0,0,0
139,0.0,0,0
140,0.0,0,0
141,0.0,0,0
142,0.0,0,0
143,0.0,0,0
144,0.0,0,0
145,0.0,0,0
146,0.0,0,0
147,0.0,0,0
148,0.0,0,0
149,0.0,0,0
150,0.0,0,0
151,0.0,0,0
152,0.0,0,0
153,0.0,0,0
154,0.0,0,0
155,0.0,0,0
156,0.0,0,0
157,0.0,0,0
158,0.0,0,0
159,0.0,0,0
160,0.0,0,0
161,0.0,0,0
162,0.0,0,0
163,0.0,0,0
164,0.0,0,0
165,0.0,0,0
166,0.0,0,0
167,0.0,0,0
168,0.0,0,0
169,0.0,0,0
170,0.0,0,0
171,0.0,0,0
172,0.0,0,0
173,0.0,0,0
174,0.0,0,0
175,0.0,0,0
176,0.0,0,0
177,0.0,0,0
178,0.0,0,0
179,0.0,0,0
180,0.0,0,0
181,0.0,0,0
182,0.0,0,0
183,0.0,0,0
184,0.0,0,0
185,0.0,0,0
186,0.0,0,0
187,0.0,0,0
188,0.0,0,0
189,0.0,0,0
190,0.0,0,0
191,0.0,0,0
192,0.0,0,0
193,0.0,0,0
194,0.0,0,0
195,0.0,0,0
196,0.0,0,0
197,0.0,0,0
198,0.0,0,0
199,0.0,0,0
200,0.0,0,0
201,0.0,0,0
202,0.0,0,0
203,0.0,0,0
204,0.0,0,0
205,0.0,0,0
206,0.0,0,0
207,0.0,0,0
208,0.0,0,0
209,0.0,0,0
210,0.0,0,0
211,0.0,0,0
212,0.0,0,0
213,0.0,0,0
214,0.0,0,0
215,0.0,0,0
216,0.0,0,0
217,0.0,0,0
218,0.0,0,0
219,0.0,0,0
220,0.0,0,0
221,0.0,0,0
222,0.0,0,0
223,0.0,0,0
224,0.0,0,0
225,0.0,0,0
226,0.0,0,0
227,0.0,0,0
228,0.0,0,0
229,0.0,0,0
230,0.0,0,0
231,0.0,0,0
232,0.0,0,0
233,0.0,0,0
234,0.0,0,0
235,0.0,0,0
236,0.0,0,0
237,0.0,0,0
238,0.0,0,0
239,0.0,0,0
240,0.0,0,0
241,0.0,0,0
242,0.0,0,0
243,0.0,0,0
244,0.0,0,0
245,0.0,0,0
246,0.0,0,0
247,0.0,0,0
248,0.0,0,0
249,0.0,0,0
250,0.0,0,0
251,0.0,0,0
252,0.0,0,0
253,0.0,0,0
254,0.0,0,0
255,0.0,0,0
256,0.0,0,0
257,0.0,0,0
258,0.0,0,0
259,0.0,0,0
260,0.0,0,0
261,0.0,0,0
262,0.0,0,0
263,0.0,0,0
264,0.0,0,0
265,0.0,0,0
266,0.0,0,0
267,0.0,0,0
268,0.0,0,0
269,0.0,0,0
270,0.0,0,0
271,0.0,0,0
272,0.0,0,0
273,0.0,0,0
274,0.0,0,0
275,0.0,0,0
276,0.0,0,0
277,0.0,0,0
278,0.0,0,0
279,0.0,0,0
280,0.0,0,0
281,0.0,0,0
282,0.0,0,0
283,0.0,0,0
284,0.0,0,0
285,0.0,0,0
286,0.0,0,0
287,0.0,0,0
288,0.0,0,0
289,0.0,0,0
290,0.0,0,0
291,0.0,0,0
292,0.0,0,0
293,0.0,0,0
294,0.0,0,0
295,0.0,0,0
296,0.0,0,0
297,0.0,0,0
298,0.0,0,0
299,0.0,0,0
300,0.0,0,0
301,4.2057504089050335e-05,0,0
302,8.505629137889954e-05,0,0
303,0.0001193688330452564,0,0
304,0.00017197086515781423,0,0
305,0.0002149711539100557,0,0
306,0.00032915996686293085,0,0
307,0.000386931624779137,0,0
308,0.00045569719104395184,0,0
309,0.0005422503807628592,0,0
310,0.0007073491070356103,0,0
311,0.0008217793208316315,0,0
312,0.009274813278686924,0,0
313,0.009398225999681,0,0
314,0.009313370875408568,0,0
315,0.00932211778181551,0,0
316,0.00932742655139096,0,0
317,0.00942105240663608,0,0
318,0.009515747079554299,0,0
319,0.009641372513533369,0,0
320,0.009710356883147944,0,0
321,0.009880146961714083,0,0
322,0.010278281249609956,0,0
323,0.05936706020763909,0,0
324,0.059522550837879995,0,0
325,0.05987253479619434,0,0
326,0.0597721865698119,0,0
327,0.05968239979380734,0,0
328,0.05986319351166827,0,0
329,0.05998429346296518,0,0
330,0.05972990033940351,0,0
331,0.06006379646758922,0,0
332,0.059796641383076096,0,0
333,0.059872376417978865,0,0
334,0.059994986344670286,0,0
335,0.060148722390134315,0,0
336,0.0664752680463363,0,0
337,0.06579806956919283,0,0
338,0.06601089543986537,0,0
339,0.0663848375626391,0,0
340,0.06651999276384624,0,0
341,0.06593152211153042,0,0
342,0.06612550114627402,0,0
343,0.06572133619136736,0,0
344,0.06532310858942666,0,0
345,0.0647867608670438,0,0
346,0.06498219976233331,0,0
347,0.06536852836369789,0,0
348,0.11954226888963271,1,1
349,2.979842951356897e-05,0,0
350,5.85531032930415e-05,0,0
351,8.444881291273784e-05,0,0
352,0.00010674522352198442,0,0
353,0.00018390886166723625,0,0
354,0.00026604767047425527,0,0
355,0.0003338970480852013,0,0
356,0.00045030888002087926,0,0
357,0.0006190024583654318,0,0
358,0.0006742848128597485,0,0
359,0.0006664514691557771,0,0
360,0.0007655743793244928,0,0
361,0.000941148377005762,0,0
362,0.001158737509621026,0,0
363,0.0012303534548654912,0,0
364,0.0013109629958004548,0,0
365,0.0014255198631313633,0,0
366,0.0015327461844883662,0,0
367,0.0017548899297781793,0,0
368,0.0019414095039029934,0,0
369,0.002121316286007808,0,0
370,0.0022339028411524054,0,0
371,0.0023231073910932433,0,0
372,0.0025577715125301693,0,0
373,0.006442732554306773,0,0
374,0.0064647387006915415,0,0
375,0.006665555200687085,0,0
376,0.006716027606912702,0,0
377,0.006735417149248955,0,0
378,0.006890588669447607,0,0
379,0.006963738985508092,0,0
380,0.007172887717401147,0,0
381,0.0073566879373936234,0,0
382,0.00761399227364374,0,0
383,0.007563261225727867,0,0
384,0.007869492003313668,0,0
385,0.008036451828009042,0,0
386,0.007764568306755606,0,0
387,0.007868869357931116,0,0
388,0.008142985201765846,0,0
389,0.008301050763312993,0,0
390,0.008562476071809067,0,0
391,0.008732307291694955,0,0
392,0.008791137116361248,0,0
393,0.008980040336012417,0,0
394,0.009159697381772759,0,0
395,0.009412317032697206,0,0
396,0.0096655844445583,0,0
397,0.009999652778880732,0,0
398,0.010185239166872025,0,0
399,0.02943881195787873,0,0
400,0.029690231346671633,0,0
401,0.029817604950172473,0,0
402,0.030017101685764193,0,0
403,0.02991293801397675,0,0
404,0.030129699987960577,0,0
405,0.03034849561701767,0,0
406,0.03061975118646161,0,0
407,0.03087041349325906,0,0
408,0.031074426455083685,0,0
409,0.031211156689139798,0,0
410,0.031501414899754665,0,0
411,0.031683716335791146,0,0
412,0.03187478553255359,0,0
413,0.03129270273884701,0,0
414,0.03157996522713996,0,0
415,0.031741325365996186,0,0
416,0.03206827237217605,0,0
417,0.03210657468669853,0,0
418,0.03229996389662487,0,0
419,0.032420124873664705,0,0
420,0.03243740401749898,0,0
421,0.03286682408470594,0,0
422,0.03281625756096825,0,0
423,0.03324192958346863,0,0
424,0.0336405674404979,0,0
425,0.03374857568301323,0,0
426,0.03403184631028669,0,0
427,0.03008864861714944,0,0
428,0.030517982489058695,0,0
429,0.03102620706223216,0,0
430,0.030983884858723998,0,0
431,0.03139421404244079,0,0
432,0.031815667693497494,0,0
433,0.03204711049662974,0,0
434,0.0326743477611927,0,0
435,0.03270200714324929,0,0
436,0.032589542866160566,0,0
437,0.03251648710966904,0,0
438,0.032764477520184174,0,0
439,0.03327626342443911,0,0
440,0.03830417304724206,0,0
441,0.03886515120818968,0,0
442,0.03947494865572429,0,0
443,0.039574896294650906,0,0
444,0.03985408029588729,0,0
445,0.040408217783250364,0,0
446,0.04088468739172213,0,0
447,0.04123606646746407,0,0
448,0.04160356472547568,0,0
449,0.042239549920416425,0,0
450,0.042634455820165826,0,0
451,0.04329750075492844,0,0
452,0.04338536584277053,0,0
453,0.043819615624869857,0,0
454,0.04369327980235985,0,0
455,0.06132179432276737,0,0
456,0.061753081965302936,0,0
457,0.062277190733398116,0,0
458,0.0627804853772744,0,0
459,0.06276727065776841,0,0
460,0.06328773385550181,0,0
461,0.06382903276261978,0,0
462,0.0643001004681618,0,0
463,0.06472982670444975,0,0
464,0.06451829456284644,0,0
465,0.06449152403743114,0,0
466,0.06491475362371518,0,0
467,0.06498939771212131,0,0
468,0.06542997513684846,0,0
469,0.06908727801725105,0,0
470,0.06967573739589253,0,0
471,0.0698527499242761,0,0
472,0.0704126030227192,0,0
473,0.07072676534215433,0,0
474,0.07062311780722241,0,0
475,0.07109976989130848,0,0
476,0.0715184109792212,0,0
477,0.07120148928906017,0,0
478,0.07103075469477778,0,0
479,0.07105699396732088,0,0
480,0.07151930411366268,0,0
481,0.07176942591095445,0,0
482,0.0717563351928673,0,0
483,0.07935437805132974,0,0
484,0.0792572155044666,0,0
485,0.07953520137023577,0,0
486,0.07991758005828213,0,0
487,0.08022326441577503,1,1
488,1.5710657501294455e-05,0,0
489,2.6934055426026822e-05,0,0
490,4.0890013260664624e-05,0,0
491,5.7825134746010915e-05,0,0
492,7.11812117267213e-05,0,0
493,0.0001268020112603961,0,0
494,0.00016596429005733267,0,0
495,0.0002079174757908462,0,0
496,0.0002334950959771313,0,0
497,0.0002928268423624573,0,0
498,0.010954060761028044,0,0
499,0.010947017416454746,0,0
500,0.010978408100403406,0,0
501,0.011006706554849139,0,0
502,0.010966373902903767,0,0
503,0.010989038516902278,0,0
504,0.010981902263182294,0,0
505,0.010808961638352921,0,0
506,0.010875167318855013,0,0
507,0.010821521063098308,0,0
508,0.01067190576730367,0,0
509,0.010614630988159235,0,0
510,0.010600968827895492,0,0
511,0.010720710108727504,0,0
512,0.010549713110848147,0,0
513,0.03656946913208573,0,0
514,0.03651833173369719,0,0
515,0.03661949258919099,0,0
516,0.03634588093709495,0,0
517,0.03638354285037443,0,0
518,0.03650201242175456,0,0
519,0.03630021286427039,0,0
520,0.03603264322797733,0,0
521,0.03597623111207648,0,0
522,0.03592172811116451,0,0
523,0.03604137005418105,0,0
524,0.03611464874439475,0,0
525,0.03584334907705779,0,0
526,0.03596208850929433,0,0
527,0.035617083934805234,0,0
528,0.06264266188142448,0,0
529,0.06238250494687169,0,0
530,0.062281497283507126,0,0
531,0.06206174334116639,0,0
532,0.06166873656359716,0,0
533,0.061456777353567235,0,0
534,0.06108262185336319,0,0
535,0.06067500967048808,0,0
536,0.06019708463471293,0,0
537,0.05979788516177706,0,0
538,0.05990792800314368,0,0
539,0.06007426554660028,0,0
540,0.059801355340408535,0,0
541,0.05997253507511011,0,0
542,0.05998434845738658,0,0
543,0.06004291327836295,0,0
544,0.06781555175910589,0,0
545,0.06793001274764177,0,0
546,0.06770259594276629,0,0
547,0.06722298517136002,0,0
548,0.06689120681823946,0,0
549,0.06644745326848167,0,0
550,0.0665757176243208,0,0
551,0.06615306181673772,0,0
552,0.06629691988892938,0,0
553,0.0662931271586724,0,0
554,0.06611326078025458,0,0
555,0.06618969475574907,0,0
556,0.06638823624808418,0,0
557,0.06591233185070612,0,0
558,0.065865952284959,0,0
559,0.06584733955058251,0,0
560,0.06853132927715061,0,0
561,0.06868524659381364,0,0
562,0.06810811329680262,0,0
563,0.06828050717546114,0,0
564,0.0684196548177731,0,0
565,0.06816855968297424,0,0
566,0.06833010095092301,0,0
567,0.06829995568888411,0,0
568,0.06799913946007377,0,0
569,0.06765105060507612,0,0
570,0.06746571302142713,0,0
571,0.06733565772860747,0,0
572,0.06730352258246322,0,0
573,0.06722194042098081,0,0
574,0.06691942464850781,0,0
575,0.07758098555101442,0,0
576,0.07742226073860488,0,0
577,0.07712872345858326,0,0
578,0.07718081437795987,0,0
579,0.07721511448290491,0,0
580,0.07724542834742416,0,0
581,0.07686288248919589,0,0
582,0.07687183986187847,0,0
583,0.07648481372323544,0,0
584,0.07618201091989835,0,0
585,0.07612660368449836,0,0
586,0.07581817403682779,0,0
587,0.07591650223635407,0,0
588,0.07576203077015153,0,0
589,0.07555312891308244,0,0
590,0.07534522139130675,0,0
591,0.0752444358506816,0,0
592,0.09796328843964414,1,1
593,1.2576976501202003e-05,0,0
594,2.0705837697529886e-05,0,0
595,3.0450174897181378e-05,0,0
596,6.0480244205756274e-05,0,0
597,6.757048427654557e-05,0,0
598,7.122770138467956e-05,0,0
599,0.00010118810542109656,0,0
600,0.00011041775946348637,0,0
601,0.0001551778562229529,0,0
602,0.00016406213785262233,0,0
603,0.00021882331562194177,0,0
604,0.00029192968753810643,0,0
605,0.0003294441296413324,0,0
606,0.00034663351061416846,0,0
607,0.000389738906413562,0,0
608,0.023468335825432802,0,0
609,0.023463237660539583,0,0
610,0.023405705863588915,0,0
611,0.023364943661533653,0,0
612,0.02323406211907832,0,0
613,0.023364522661357766,0,0
614,0.02334785121718546,0,0
615,0.023423163624179847,0,0
616,0.023368144742321482,0,0
617,0.02334953771255333,0,0
618,0.023515873305707792,0,0
619,0.02362043759567613,0,0
620,0.023530191183149606,0,0
621,0.02343704321171504,0,0
622,0.023479066645746907,0,0
623,0.02367370439950044,0,0
624,0.052364539522504416,0,0
625,0.052558259721070234,0,0
626,0.05245321632400754,0,0
627,0.05245236747992071,0,0
628,0.05252287443624416,0,0
629,0.052364431777631885,0,0
630,0.0523766116531341,0,0
631,0.052533380957006784,0,0
632,0.052431874254096095,0,0
633,0.05225442644698226,0,0
634,0.05205634156955133,0,0
635,0.05188594121183546,0,0
636,0.051876349817982934,0,0
637,0.05206082623533968,0,0
638,0.05208875938939499,0,0
639,0.05226021322062834,0,0
640,0.052230503039567285,0,0
641,0.0536455870538327,0,0
642,0.053813439042351495,0,0
643,0.0536367673452142,0,0
644,0.053533205532907455,0,0
645,0.05356506966732827,0,0
646,0.053624720043341886,0,0
647,0.05372645070603391,0,0
648,0.05356091588070257,0,0
649,0.05355864394803081,0,0
650,0.053449620851510726,0,0
651,0.05344549193620399,0,0
652,0.05345682781610511,0,0
653,0.05362880975209894,0,0
654,0.0537642050166903,0,0
655,0.053736055719115904,0,0
656,0.05359574401762492,0,0
657,0.05343076691559578,0,0
658,0.04390637765245009,0,0
659,0.04389326539135602,0,0
660,0.044094298984411306,0,0
661,0.044205484231619546,0,0
662,0.04417481384333884,0,0
663,0.04418629724206895,0,0
664,0.04431524608765637,0,0
665,0.0445255882002411,0,0
666,0.04477282250918982,0,0
667,0.045029306186000664,0,0
668,0.04524969120793336,0,0
669,0.04533508480510157,0,0
670,0.04525395022472363,0,0
671,0.04519932493849035,0,0
672,0.04524585450017857,0,0
673,0.04520660985259971,0,0
674,0.045175607283754936,0,0
675,0.044268088734432706,0,0
676,0.04437499145539779,0,0
677,0.044655955446915606,0,0
678,0.04491859582263874,0,0
679,0.04506506996824142,0,0
680,0.04508243822330412,0,0
681,0.045126296505216074,0,0
682,0.045079566237004404,0,0
683,0.04528327791870883,0,0
684,0.04535150248038772,0,0
685,0.04551308386707897,0,0
686,0.04550881424873139,0,0
687,0.045688883990103915,0,0
688,0.04582544968939567,0,0
689,0.04591637065390072,0,0
690,0.04601633092295373,0,0
691,0.04606548792105311,0,0
692,0.04625211105235358,0,0
693,0.08419413741700377,1,1
694,7.951458408984172e-06,0,0
695,3.080803849861823e-05,0,0
696,4.0339952228649455e-05,0,0
697,6.345650422664291e-05,0,0
698,0.00010914794971851105,0,0
699,0.00011867980897569666,0,0
700,0.00013279428231121877,0,0
701,0.00015426966025555364,0,0
702,0.00019269313720861957,0,0
703,0.0002132318366414962,0,0
704,0.0002487826033569496,0,0
705,0.00031737731278392065,0,0
706,0.00040520313257182865,0,0
707,0.000415082212940343,0,0
708,0.0004545862055186819,0,0
709,0.0004616639265994295,0,0
710,0.0004944821155295497,0,0
711,0.007106514607225526,0,0
712,0.007182712486040986,0,0
713,0.007241683460407342,0,0
714,0.0072622823112747335,0,0
715,0.007235148662934902,0,0
716,0.0072462201282353375,0,0
717,0.007305464785076061,0,0
718,0.007372259188827118,0,0
719,0.007482588823568946,0,0
720,0.00752264837679154,0,0
721,0.007641504093690619,0,0
722,0.007679707257786245,0,0
723,0.007747076955606101,0,0
724,0.007928910326540604,0,0
725,0.00791677703443745,0,0
726,0.00783273934010242,0,0
727,0.007817118400300449,0,0
728,0.011022415518314087,0,0
729,0.011036758124922948,0,0
730,0.010993450527811928,0,0
731,0.011039290333078398,0,0
732,0.011111712475745196,0,0
733,0.011144375544590301,0,0
734,0.011080209248562251,0,0
735,0.011113609117024928,0,0
736,0.011102693485546176,0,0
737,0.011078879813763067,0,0
738,0.011072237913521651,0,0
739,0.011130204080008463,0,0
740,0.01117170582093231,0,0
741,0.011276283366349008,0,0
742,0.011378748283488546,0,0
743,0.011427236228869498,0,0
744,0.011492782916503073,0,0
745,0.011484412060473854,0,0
746,0.011476856744044056,0,0
747,0.017017875817361434,0,0
748,0.017104100995556842,0,0
749,0.017310554377195995,0,0
750,0.017382416926047927,0,0
751,0.017464588832340873,0,0
752,0.01758512186731167,0,0
753,0.01766111206012078,0,0
754,0.017646713545647605,0,0
755,0.017846452918091404,0,0
756,0.018074053181705997,0,0
757,0.017991633868336313,0,0
758,0.018145277285477955,0,0
759,0.018095611924491224,0,0
760,0.018132356877503038,0,0
761,0.018304252442543616,0,0
762,0.01835435655646001,0,0
763,0.018546372390142157,0,0
764,0.018407638792449374,0,0
765,0.03956300821368353,0,0
766,0.0395950762629068,0,0
767,0.0393499012862252,0,0
768,0.039398821402089376,0,0
769,0.03957521791096723,0,0
770,0.03971070021126456,0,0
771,0.039514532769426305,0,0
772,0.03947832287640336,0,0
773,0.039309888582523766,0,0
774,0.03926532067659851,0,0
775,0.03931804444148648,0,0
776,0.03927133496413811,0,0
777,0.03908355846464932,0,0
778,0.03911837901416482,0,0
779,0.03918060631718283,0,0
780,0.039095579278397255,0,0
781,0.03901255683218682,0,0
782,0.03899884007574665,0,0
783,0.054051813439805224,0,0
784,0.05398328516162623,0,0
785,0.05395637417615837,0,0
786,0.05391488088058661,0,0
787,0.05393481234933485,0,0
788,0.053936964277043434,0,0
789,0.05394464323063859,0,0
790,0.05394165804167751,0,0
791,0.053957490642045136,0,0
792,0.053855075252449196,0,0
793,0.05370920490474425,0,0
794,0.05372896371424334,0,0
795,0.05373502758064857,0,0
796,0.05365091508901623,0,0
797,0.053684941760555396,0,0
798,0.0536762118761614,0,0
799,0.05365028417125837,0,0
800,0.053793693497552565,0,0
801,0.053571760809709254,0,0
802,0.05164490413891135,0,0
803,0.0515840320382177,0,0
804,0.051720052429585384,0,0
805,0.05168388300426456,0,0
806,0.0516270412170112,0,0
807,0.05169011349627893,0,0
808,0.051844651697294235,0,0
809,0.051955708513066065,0,0
810,0.05205719586283214,0,0
811,0.051892992288093145,0,0
812,0.05201323703939431,0,0
813,0.051877092035294045,0,0
814,0.05179504063805715,0,0
815,0.051873862628354056,0,0
816,0.05193829633024622,0,0
817,0.052087106770483574,0,0
818,0.05223327504998157,0,0
819,0.052121489140918506,0,0
820,0.05205099738396948,0,0
821,0.044316434811124766,0,0
822,0.044264549631806316,0,0
823,0.04417093459758297,0,0
824,0.04423184631992492,0,0
825,0.044133921734044894,0,0
826,0.04405142881466065,0,0
827,0.04402302166228283,0,0
828,0.04421068333891963,0,0
829,0.04425350027810218,0,0
830,0.044257309626951194,0,0
831,0.0441829748357386,0,0
832,0.04409777911458431,0,0
833,0.04424879580670934,0,0
834,0.04439180002711982,0,0
835,0.04450606649795613,0,0
836,0.044737073321011823,0,0
837,0.04473197017894217,0,0
838,0.04480319537539755,0,0
839,0.045040702654157355,0,0
840,0.08587935733297358,1,1
841,6.287572115592099e-06,0,0
842,1.2800004594592e-05,0,0
843,2.6987687205692787e-05,0,0
844,4.592297460574448e-05,0,0
845,5.1965932243630756e-05,0,0
846,6.444103774737366e-05,0,0
847,7.256452638497726e-05,0,0
848,8.294655026820682e-05,0,0
849,0.00010412538771806707,0,0
850,0.00011640853313939163,0,0
851,0.00013748991828003355,0,0
852,0.0001704089967075886,0,0
853,0.00020795994328509068,0,0
854,0.00023886990216733862,0,0
855,0.00028764330952314537,0,0
856,0.00032264380653001796,0,0
857,0.0003602242940770317,0,0
858,0.00037185308747126786,0,0
859,0.00039957411630109894,0,0
860,0.015539949963449566,0,0
861,0.01557721262106941,0,0
862,0.01561960419356356,0,0
863,0.015664966756125328,0,0
864,0.015563365029747499,0,0
865,0.01552357049967152,0,0
866,0.01551133410851949,0,0
867,0.015532315130666045,0,0
868,0.015530463626045194,0,0
869,0.015601139484872174,0,0
870,0.01553759973774338,0,0
871,0.015564904857746947,0,0
872,0.01548999891951331,0,0
873,0.015578546242210951,0,0
874,0.015602736059008783,0,0
875,0.015643761291602762,0,0
876,0.015753142500090744,0,0
877,0.015684459361881217,0,0
878,0.01573244067405202,0,0
879,0.015857948137293854,0,0
880,0.017198985090603403,0,0
881,0.017267774890670086,0,0
882,0.01718620747502536,0,0
883,0.01708121747144699,0,0
884,0.017036479600840367,0,0
885,0.016984637351950316,0,0
886,0.016881565064118614,0,0
887,0.016960266067833286,0,0
888,0.016916233714842806,0,0
889,0.016791920157275243,0,0
890,0.016799973938678634,0,0
891,0.0168276314019884,0,0
892,0.01691296846786771,0,0
893,0.017067131846298773,0,0
894,0.017074631199472536,0,0
895,0.01715837349494466,0,0
896,0.017088734017347996,0,0
897,0.01714418955030348,0,0
898,0.01723456717357531,0,0
899,0.025080368858991203,0,0
900,0.02511598392374605,0,0
901,0.02521273439564698,0,0
902,0.025200510902173894,0,0
903,0.025202676048999506,0,0
904,0.025158949832574405,0,0
905,0.025218042155835355,0,0
906,0.025140406856867373,0,0
907,0.025058906203222805,0,0
908,0.02521238921236614,0,0
909,0.025190047585685185,0,0
910,0.025093017662071598,0,0
911,0.025155449537242275,0,0
912,0.025260518392425456,0,0
913,0.025235197816213417,0,0
914,0.025367003468431015,0,0
915,0.025306319716096273,0,0
916,0.025398962290203338,0,0
917,0.025542864252450122,0,0
918,0.02555457444088259,0,0
919,0.025612370385695766,0,0
920,0.04216603166218749,0,0
921,0.0422687147723692,0,0
922,0.042378716870538444,0,0
923,0.042363244168506564,0,0
924,0.042268371588017016,0,0
925,0.04223539470440098,0,0
926,0.04214862008553792,0,0
927,0.04220979483022162,0,0
928,0.04211499848604192,0,0
929,0.042304286318999906,0,0
930,0.04252750791139413,0,0
931,0.04266131304371526,0,0
932,0.04258454737603013,0,0
933,0.042507433102502656,0,0
934,0.04240407732764934,0,0
935,0.042530590926644594,0,0
936,0.04233484039510287,0,0
937,0.04242468689477705,0,0
938,0.04253419787640503,0,0
939,0.042499591261864804,0,0
940,0.053763756618284475,0,0
941,0.053703266788610024,0,0
942,0.05385096822299061,0,0
943,0.0537553713262129,0,0
944,0.053653512727857025,0,0
945,0.05377380868964929,0,0
946,0.05369219688772365,0,0
947,0.05353358267667517,0,0
948,0.053519333144129974,0,0
949,0.05345692228448512,0,0
950,0.053330244805921787,0,0
951,0.0534474431988089,0,0
952,0.05361347312908362,0,0
953,0.053446954956437545,0,0
954,0.05334978123382875,0,0
955,0.05326927260707812,0,0
956,0.05335343349973812,0,0
957,0.05317136985281198,0,0
958,0.05333521843806918,0,0
959,0.05339342529903111,0,0
960,0.05186326350132077,0,0
961,0.052024560579086505,0,0
962,0.05202406490776727,0,0
963,0.052030525582780936,0,0
964,0.05216917697951543,0,0
965,0.05226305152632347,0,0
966,0.052278781792112816,0,0
967,0.05224333481180438,0,0
968,0.05228537221556905,0,0
969,0.052512819681600695,0,0
970,0.05257396691168413,0,0
971,0.05261774039113997,0,0
972,0.052632716631324246,0,0
973,0.05278081866448578,0,0
974,0.052795403651818465,0,0
975,0.052740129096304086,0,0
976,0.05287977924959744,0,0
977,0.05305766187621237,0,0
978,0.053146334365650735,0,0
979,0.05329265082209111,0,0
980,0.05348166272147977,0,0
981,0.04374338348134924,0,0
982,0.043776672869959954,0,0
983,0.04370896842168129,0,0
984,0.043784186467019606,0,0
985,0.04393599590225694,0,0
986,0.044078623321115874,0,0
987,0.04410599850640935,0,0
988,0.0442332402965968,0,0
989,0.0443792576032505,0,0
990,0.04436546641433317,0,0
991,0.04454579869612366,0,0
992,0.04438513850998236,0,0
993,0.04430276435134868,0,0
994,0.044389754260433414,0,0
995,0.044453733074745844,0,0
996,0.044380811687634504,0,0
997,0.04459899109745777,0,0
998,0.04481318018500828,0,0
999,0.04475786083921986,0,0
1000,0.04492630601010673,0,0
1001,0.04490139065731143,0,0
1002,0.05006631120531166,0,0
1003,0.050217532621746434,0,0
1004,0.05052286069166252,0,0
1005,0.05055709927921755,0,0
1006,0.05062140509646518,0,0
1007,0.050870831222808374,0,0
1008,0.05079254321942129,0,0
1009,0.050907431489184626,0,0
1010,0.05085413617609384,0,0
1011,0.05104912054170538,0,0
1012,0.051219261353305526,0,0
1013,0.05102566568856433,0,0
1014,0.05100458542659435,0,0
1015,0.05105217281012384,0,0
1016,0.051381506644287755,0,0
1017,0.051470863507922085,0,0
1018,0.05168592636035059,0,0
1019,0.05189881568787412,0,0
1020,0.05194730277797993,0,0
1021,0.0519742087228755,0,0
1022,0.052180086753348474,0,0
1023,0.0622926496525341,0,0
1024,0.06209367794579723,0,0
1025,0.06238955909570314,0,0
1026,0.06226229153614472,0,0
1027,0.06258862438576786,0,0
1028,0.06286013645704253,0,0
1029,0.06313093069059392,0,0
1030,0.06308044122881312,0,0
1031,0.06318802834383586,0,0
1032,0.06332271064045251,0,0
1033,0.06365803167216443,0,0
1034,0.0637185509342953,0,0
1035,0.06400542121632626,0,0
1036,0.06426303300963927,0,0
1037,0.06424589075174952,0,0
1038,0.06411674203467482,0,0
1039,0.06420449341136988,0,0
1040,0.06435849846869857,0,0
1041,0.06460493071035707,0,0
1042,0.06463610521186812,0,0
1043,0.06497609955730421,0,0
1044,0.06501407162727352,0,0
1045,0.08412466160183756,1,1
1046,3.939532853792843e-06,0,0
1047,8.629918048403777e-06,0,0
1048,1.2829410705261648e-05,0,0
1049,2.3342209470301667e-05,0,0
1050,2.504264405374368e-05,0,0
1051,2.9930340170842002e-05,0,0
1052,3.120599743317926e-05,0,0
1053,3.569382462131569e-05,0,0
1054,4.519393593861529e-05,0,0
1055,5.235208375527881e-05,0,0
1056,6.100033829308111e-05,0,0
1057,7.789360235050869e-05,0,0
1058,9.308325278611497e-05,0,0
1059,0.00011663440534848374,0,0
1060,0.00013028422946266194,0,0
1061,0.00014675238413336118,0,0
1062,0.00015946202167478867,0,0
1063,0.00016933881603096125,0,0
1064,0.000180435317527681,0,0
1065,0.00020359177400344934,0,0
1066,0.00021632115926299237,0,0
1067,0.0004000022261324497,0,0
1068,0.00042636690359612627,0,0
1069,0.00045107828044235894,0,0
1070,0.00047532169202970536,0,0
1071,0.0004886615953955571,0,0
1072,0.0005195250843638545,0,0
1073,0.0005253337366919657,0,0
1074,0.0005412269854411427,0,0
1075,0.0005577155436497707,0,0
1076,0.0005816424197855728,0,0
1077,0.0005942770026782769,0,0
1078,0.0006070134431598448,0,0
1079,0.0006475033878525703,0,0
1080,0.0006736681968529587,0,0
1081,0.0007170474849979582,0,0
1082,0.0007639279665350672,0,0
1083,0.0007951645339465517,0,0
1084,0.0008296940098089275,0,0
1085,0.0008573294704257246,0,0
1086,0.0008773913264592668,0,0
1087,0.000901634429874457,0,0
1088,0.01819044633640835,0,0
1089,0.018280187502743662,0,0
1090,0.018282342104073816,0,0
1091,0.018266380529776607,0,0
1092,0.018246015029697832,0,0
1093,0.018331840737805666,0,0
1094,0.018383832932397412,0,0
1095,0.018412826761132026,0,0
1096,0.018491850370132287,0,0
1097,0.01849316908598369,0,0
1098,0.018468711839106318,0,0
1099,0.01849380722743562,0,0
1100,0.018576471357115387,0,0
1101,0.018661480249838436,0,0
1102,0.018747859268838814,0,0
1103,0.018786282437830204,0,0
1104,0.0188280391968964,0,0
1105,0.018912162657497088,0,0
1106,0.018877924769408777,0,0
1107,0.018920755398372784,0,0
1108,0.018922500189959342,0,0
1109,0.018883623243508136,0,0
1110,0.01893844800478593,0,0
1111,0.018520267337188874,0,0
1112,0.018586732328125848,0,0
1113,0.01869459296456159,0,0
1114,0.018743317001937182,0,0
1115,0.01878176854958157,0,0
1116,0.018876479760925765,0,0
1117,0.018930346032887697,0,0
1118,0.018940614554939332,0,0
1119,0.0189171472264453,0,0
1120,0.01891888169226079,0,0
1121,0.01891706115949383,0,0
1122,0.018988586704873807,0,0
1123,0.01910644984763856,0,0
1124,0.01920717392921745,0,0
1125,0.019337866132294927,0,0
1126,0.01929911441038547,0,0
1127,0.01933858236546062,0,0
1128,0.019482620594672383,0,0
1129,0.019524980826752077,0,0
1130,0.01951416078174642,0,0
1131,0.019664464480836454,0,0
1132,0.019743350934641656,0,0
1133,0.010827435485393711,0,0
1134,0.010962157327516434,0,0
1135,0.011024589605713122,0,0
1136,0.011064645582370752,0,0
1137,0.01110257233140024,0,0
1138,0.011184667924557658,0,0
1139,0.011230017309720657,0,0
1140,0.011266021810548501,0,0
1141,0.0111928023367763,0,0
1142,0.01123748270490427,0,0
1143,0.01124359964181839,0,0
1144,0.011294971940918223,0,0
1145,0.011414534380714676,0,0
1146,0.011451913833552877,0,0
1147,0.011511152860734496,0,0
1148,0.01154216744672379,0,0
1149,0.011590001019381534,0,0
1150,0.011698313812479016,0,0
1151,0.011695851092413067,0,0
1152,0.011793155822262019,0,0
1153,0.0118169768170724,0,0
1154,0.011937833957753857,0,0
1155,0.014867746841763015,0,0
1156,0.01494498633421626,0,0
1157,0.015016999794852883,0,0
1158,0.015012125067965194,0,0
1159,0.015015335702462175,0,0
1160,0.015069057317083254,0,0
1161,0.015171571325932913,0,0
1162,0.0153166080730407,0,0
1163,0.015343396267597275,0,0
1164,0.015344705356524277,0,0
1165,0.01540120518701636,0,0
1166,0.015422862647675156,0,0
1167,0.015418976394153565,0,0
1168,0.01549308848597806,0,0
1169,0.015613225629937291,0,0
1170,0.015660609984722317,0,0
1171,0.015606826345910816,0,0
1172,0.015699916431387087,0,0
1173,0.015714742217137485,0,0
1174,0.015801506761277867,0,0
1175,0.015851288730489473,0,0
1176,0.015935934940384266,0,0
1177,0.01604322189142035,0,0
1178,0.03147608936376399,0,0
1179,0.031532391216128754,0,0
1180,0.0315506693500694,0,0
1181,0.03157169024191313,0,0
1182,0.03159444058648869,0,0
1183,0.03164294819466712,0,0
1184,0.03172502412392175,0,0
1185,0.03176992358157785,0,0
1186,0.031844622535533273,0,0
1187,0.031914758652036995,0,0
1188,0.03196543795710699,0,0
1189,0.03209571611914944,0,0
1190,0.032109469089708124,0,0
1191,0.032085471740393307,0,0
1192,0.032194642867915776,0,0
1193,0.03226893087035787,0,0
1194,0.03222110797308077,0,0
1195,0.0321881346790373,0,0
1196,0.032180317221236376,0,0
1197,0.032234478724611104,0,0
1198,0.03224482906071098,0,0
1199,0.03226527806565383,0,0
1200,0.03230045243157749,0,0
1201,0.05158088926185897,0,0
1202,0.05165924425624882,0,0
1203,0.05175308747492154,0,0
1204,0.05168860850164547,0,0
1205,0.0516338444942009,0,0
1206,0.05160350002113034,0,0
1207,0.05168185229810335,0,0
1208,0.05172053382378185,0,0
1209,0.05173340338524003,0,0
1210,0.05176796474628319,0,0
1211,0.051810973606731495,0,0
1212,0.05187909960013189,0,0
1213,0.05185964117549627,0,0
1214,0.05185173164591313,0,0
1215,0.051906003360754585,0,0
1216,0.05184700481349653,0,0
1217,0.05177337780988608,0,0
1218,0.05174248787545369,0,0
1219,0.05183728054514061,0,0
1220,0.05194742191460749,0,0
1221,0.05204708358683721,0,0
1222,0.052132940141585093,0,0
1223,0.052170892297926666,0,0
1224,0.061084536686402464,0,0
1225,0.061098627875633346,0,0
1226,0.06112686533181724,0,0
1227,0.0611227380552587,0,0
1228,0.0611182968422857,0,0
1229,0.061116325161162076,0,0
1230,0.061138611506516186,0,0
1231,0.061046011902292065,0,0
1232,0.060967609105267995,0,0
1233,0.060957699818449056,0,0
1234,0.06101811788864498,0,0
1235,0.061021656521766665,0,0
1236,0.06108297489657646,0,0
1237,0.061086125252551124,0,0
1238,0.06108373400713628,0,0
1239,0.061027782921182674,0,0
1240,0.06114078060100225,0,0
1241,0.06116613093109193,0,0
1242,0.06121592882546209,0,0
1243,0.06125637523115786,0,0
1244,0.06117097456861664,0,0
1245,0.061192616462689586,0,0
1246,0.061248800712639516,0,0
1247,0.06119579889760892,0,0
1248,0.039910400814260893,0,0
1249,0.03986554001605785,0,0
1250,0.039846250797940956,0,0
1251,0.039828613802308,0,0
1252,0.03987549439345375,0,0
1253,0.0399464108918144,0,0
1254,0.03995204440293657,0,0
1255,0.03996826321318397,0,0
1256,0.040065856512401035,0,0
1257,0.04021361993326196,0,0
1258,0.040306025051966704,0,0
1259,0.04039667593764143,0,0
1260,0.04036396506164608,0,0
1261,0.04039403988491212,0,0
1262,0.04049901346155306,0,0
1263,0.04059522833200811,0,0
1264,0.04075289837222729,0,0
1265,0.040913216139212456,0,0
1266,0.040995239097558756,0,0
1267,0.041051980554405114,0,0
1268,0.04111024328827906,0,0
1269,0.04116657381633388,0,0
1270,0.04116113576202601,0,0
1271,0.0411788080744193,0,0
1272,0.0448448747152668,0,0
1273,0.04494058174990891,0,0
1274,0.04494633844596806,0,0
1275,0.04507733907365935,0,0
1276,0.045095256387109484,0,0
1277,0.045123934708870425,0,0
1278,0.045216983427836366,0,0
1279,0.04531062546350232,0,0
1280,0.04537613524713535,0,0
1281,0.045348222554564575,0,0
1282,0.045296149329211916,0,0
1283,0.04538425471362168,0,0
1284,0.04548846818269356,0,0
1285,0.04550762987836354,0,0
1286,0.04558183454723793,0,0
1287,0.04573468682614777,0,0
1288,0.045688133069537104,0,0
1289,0.04578306005973161,0,0
1290,0.04581225127445125,0,0
1291,0.045921650095067816,0,0
1292,0.04604312739676676,0,0
1293,0.046032126775327996,0,0
1294,0.046063107659751384,0,0
1295,0.056042164390638784,0,0
1296,0.055963116340630774,0,0
1297,0.05592693203615701,0,0
1298,0.05585680284601213,0,0
1299,0.05592458126086036,0,0
1300,0.05604256724229835,0,0
1301,0.05601711744467037,0,0
1302,0.05604072166795271,0,0
1303,0.056132524173691786,0,0
1304,0.056179090554283516,0,0
1305,0.05609200242920682,0,0
1306,0.05612037195707498,0,0
1307,0.05624583017012834,0,0
1308,0.05606091019179939,0,0
1309,0.05616349737608572,0,0
1310,0.05612193452425569,0,0
1311,0.05625141391961128,0,0
1312,0.05622216136773485,0,0
1313,0.05636627371299727,0,0
1314,0.056428112834715556,0,0
1315,0.05646700486005648,0,0
1316,0.05653669917843393,0,0
1317,0.05667130013554288,0,0
1318,0.05665326101492234,0,0
1319,0.05672363579403743,0,0
1320,0.08100753367499083,1,1
1321,2.6373095186539477e-06,0,0
1322,5.4889321430573995e-06,0,0
1323,8.700582318533913e-06,0,0
1324,1.0974876517773892e-05,0,0
1325,1.291807781410477e-05,0,0
1326,1.9734018929298376e-05,0,0
1327,2.8835460882363582e-05,0,0
1328,3.504798292279053e-05,0,0
1329,4.0386660707827454e-05,0,0
1330,4.118453152332696e-05,0,0
1331,4.758481063111903e-05,0,0
1332,5.7093513178853846e-05,0,0
1333,7.143458012339932e-05,0,0
1334,8.045352281965573e-05,0,0
1335,8.320430491725607e-05,0,0
1336,9.036161684863453e-05,0,0
1337,9.78881769516713e-05,0,0
1338,0.0001054908075210648,0,0
1339,0.00011819166895258307,0,0
1340,0.00011882520890841613,0,0
1341,0.00013539416638396837,0,0
1342,0.00015562489382802428,0,0
1343,0.00016163420034929997,0,0
1344,0.0014315488961664118,0,0
1345,0.0014425563843900187,0,0
1346,0.0014619736589963012,0,0
1347,0.001479403821901368,0,0
1348,0.001487511990376549,0,0
1349,0.0014939414491207089,0,0
1350,0.001522052549322677,0,0
1351,0.0015429685398805695,0,0
1352,0.0015271663380494876,0,0
1353,0.001550379915612756,0,0
1354,0.001568989425544777,0,0
1355,0.0015924007074767537,0,0
1356,0.001593387367608341,0,0
1357,0.0015882556398141038,0,0
1358,0.0015889542869193286,0,0
1359,0.0016266499315306512,0,0
1360,0.001642011753160633,0,0
1361,0.001653313730753273,0,0
1362,0.0016365031174295967,0,0
1363,0.0016461417249629198,0,0
1364,0.0016651809612258162,0,0
1365,0.0016933357232315521,0,0
1366,0.001714901564670695,0,0
1367,0.0017135671065181958,0,0
1368,0.0015880810405995744,0,0
1369,0.0016104006856338532,0,0
1370,0.0016360107915054335,0,0
1371,0.0016505619095693175,0,0
1372,0.001681352593116917,0,0
1373,0.0017070475424043104,0,0
1374,0.0016936259368551595,0,0
1375,0.0017304634086303407,0,0
1376,0.0017585717613689393,0,0
1377,0.001778413641337971,0,0
1378,0.0018219840558873499,0,0
1379,0.0018393421717053733,0,0
1380,0.0018421175689522016,0,0
1381,0.0018504733523536953,0,0
1382,0.001888848095452067,0,0
1383,0.0019242101731338508,0,0
1384,0.001905493275281236,0,0
1385,0.001904982607632169,0,0
1386,0.0019134384687352105,0,0
1387,0.0019383897631685615,0,0
1388,0.0019873615746294876,0,0
1389,0.001980910236623543,0,0
1390,0.002003648717908971,0,0
1391,0.0020255663043427896,0,0
1392,0.0020344746903498997,0,0
1393,0.0018662495184533882,0,0
1394,0.0018643991338758903,0,0
1395,0.0018853548754657198,0,0
1396,0.0019192756395861258,0,0
1397,0.0019667151108990824,0,0
1398,0.002006946086954432,0,0
1399,0.0020105296399737143,0,0
1400,0.002028570218768167,0,0
1401,0.002075695779721892,0,0
1402,0.00213711918827302,0,0
1403,0.0021420395126912585,0,0
1404,0.002164620455573556,0,0
1405,0.002198187126398979,0,0
1406,0.0022519981975462396,0,0
1407,0.002296253047593195,0,0
1408,0.0022833812194835807,0,0
1409,0.00233098179353092,0,0
1410,0.002351379050654126,0,0
1411,0.0023695855236835987,0,0
1412,0.002416907278704251,0,0
1413,0.002439229923681887,0,0
1414,0.0024678552139789415,0,0
1415,0.0024623263340404454,0,0
1416,0.0024862930804687793,0,0
1417,0.0025119719255660973,0,0
1418,0.0029886561514867243,0,0
1419,0.002985135495316124,0,0
1420,0.0030443591264871584,0,0
1421,0.0031067733296182664,0,0
1422,0.003162901020839485,0,0
1423,0.003196419309532329,0,0
1424,0.003228180385205574,0,0
1425,0.003228059038225228,0,0
1426,0.003255956037318159,0,0
1427,0.003288133892486328,0,0
1428,0.0033287108075993536,0,0
1429,0.003368142871685761,0,0
1430,0.0034419897046533924,0,0
1431,0.00344693784328289,0,0
1432,0.003457973856270515,0,0
1433,0.0034872853125601684,0,0
1434,0.003538587560469622,0,0
1435,0.00355620806535833,0,0
1436,0.003579209851424161,0,0
1437,0.0035860588753417974,0,0
1438,0.003578715342521543,0,0
1439,0.003609565528869833,0,0
1440,0.003639498239123364,0,0
1441,0.003700440957884797,0,0
1442,0.003702170320687411,0,0
1443,0.016760573637680364,0,0
1444,0.01675964570860025,0,0
1445,0.0167717664820545,0,0
1446,0.016801606126080677,0,0
1447,0.016800703849548827,0,0
1448,0.01689174938473706,0,0
1449,0.01687352133622789,0,0
1450,0.016960706685440093,0,0
1451,0.017022893987778887,0,0
1452,0.016999833060917,0,0
1453,0.017034680523969836,0,0
1454,0.017069670612156966,0,0
1455,0.017055963225637447,0,0
1456,0.017100633548008008,0,0
1457,0.017119233793788973,0,0
1458,0.01713725034431181,0,0
1459,0.017152045462364283,0,0
1460,0.017198113596639517,0,0
1461,0.017248416662788764,0,0
1462,0.01723329484099651,0,0
1463,0.017285746421722006,0,0
1464,0.017334468263074543,0,0
1465,0.01732722159532772,0,0
1466,0.01727894376473614,0,0
1467,0.017221059514894985,0,0
1468,0.017207536077605355,0,0
1469,0.017161564368348085,0,0
1470,0.017191983129210175,0,0
1471,0.017186005069356566,0,0
1472,0.017163731548240364,0,0
1473,0.017063618936358237,0,0
1474,0.01711721625817788,0,0
1475,0.017152059926680157,0,0
1476,0.017143270752024382,0,0
1477,0.017159136773828257,0,0
1478,0.0172013087582806,0,0
1479,0.017189639157650823,0,0
1480,0.01724203268617042,0,0
1481,0.017309631719316123,0,0
1482,0.01734432078670336,0,0
1483,0.017365504315395956,0,0
1484,0.01735521306684608,0,0
1485,0.01737848982749708,0,0
1486,0.017406025974807112,0,0
1487,0.017366418705362558,0,0
1488,0.01739265889700151,0,0
1489,0.01744093926097745,0,0
1490,0.017442022721330715,0,0
1491,0.017423004777215582,0,0
1492,0.017433102347124224,0,0
1493,0.0174460777917475,0,0
1494,0.017520743474991662,0,0
1495,0.0394719380038711,0,0
1496,0.03943816629571223,0,0
1497,0.039489567736840814,0,0
1498,0.03942970361440497,0,0
1499,0.039474811919185546,0,0
1500,0.039406134597804024,0,0
1501,0.03949473911536855,0,0
1502,0.03943341755546788,0,0
1503,0.039415632482076676,0,0
1504,0.03931784483703104,0,0
1505,0.039293739030805123,0,0
1506,0.03927907622474758,0,0
1507,0.03921743862610888,0,0
1508,0.03924862143324241,0,0
1509,0.039223577538926,0,0
1510,0.039268606330143146,0,0
1511,0.039336304575653194,0,0
1512,0.03941032081258351,0,0
1513,0.039446980625127165,0,0
1514,0.03941478566504146,0,0
1515,0.039497376169197226,0,0
1516,0.03934041822184632,0,0
1517,0.03931689976543354,0,0
1518,0.03935914767608448,0,0
1519,0.03933256290400522,0,0
1520,0.052274253805601294,0,0
1521,0.05220473709562753,0,0
1522,0.05214990157176341,0,0
1523,0.05204285107515344,0,0
1524,0.05205962017662877,0,0
1525,0.05213655904246063,0,0
1526,0.05202364148540027,0,0
1527,0.05197262836274761,0,0
1528,0.05199539708401076,0,0
1529,0.05193324707491258,0,0
1530,0.05200639060889491,0,0
1531,0.05192406600405383,0,0
1532,0.05180043769165791,0,0
1533,0.05174488855840628,0,0
1534,0.05178765820553584,0,0
1535,0.05181301882624344,0,0
1536,0.05184687767875049,0,0
1537,0.05176841979366253,0,0
1538,0.05173398058873992,0,0
1539,0.051668508053481235,0,0
1540,0.05171307122642822,0,0
1541,0.0516491903671093,0,0
1542,0.051721028590395436,0,0
1543,0.051842452114596746,0,0
1544,0.05172897413198231,0,0
1545,0.051697132830073524,0,0
1546,0.05171345438139764,0,0
1547,0.08197052320005094,1,1
1548,1.8796634974327358e-06,0,0
1549,3.1987085351057988e-06,0,0
1550,5.247231920241681e-06,0,0
1551,6.905189729301303e-06,0,0
1552,8.867991411217283e-06,0,0
1553,1.2081475828443259e-05,0,0
1554,1.531708426213086e-05,0,0
1555,1.9089664397581554e-05,0,0
1556,2.399573182360018e-05,0,0
1557,2.7621077031500545e-05,0,0
1558,3.617654758182012e-05,0,0
1559,3.781055070046249e-05,0,0
1560,4.5763345982575816e-05,0,0
1561,4.941698853720873e-05,0,0
1562,5.178279569711821e-05,0,0
1563,5.3431166998595546e-05,0,0
1564,5.459797662056482e-05,0,0
1565,6.169788749289603e-05,0,0
1566,6.850633934489538e-05,0,0
1567,7.33870694106991e-05,0,0
1568,7.69768410167493e-05,0,0
1569,8.469358429025843e-05,0,0
1570,8.12534221275188e-05,0,0
1571,8.535307487168088e-05,0,0
1572,8.91291110593085e-05,0,0
1573,0.013242047613808894,0,0
1574,0.013233031103271939,0,0
1575,0.013196355453128973,0,0
1576,0.013186731828875326,0,0
1577,0.013205330444007625,0,0
1578,0.013198543183517784,0,0
1579,0.013217311159400849,0,0
1580,0.013249116641470746,0,0
1581,0.013262987327558972,0,0
1582,0.013237628007825311,0,0
1583,0.013261396541446951,0,0
1584,0.013236027585595698,0,0
1585,0.013239318095941461,0,0
1586,0.013281693866310187,0,0
1587,0.013270203147412526,0,0
1588,0.013295971824357941,0,0
1589,0.013270723399228872,0,0
1590,0.013265292300049619,0,0
1591,0.013240486018698407,0,0
1592,0.013280170684041852,0,0
1593,0.013274476481410448,0,0
1594,0.013252841394993822,0,0
1595,0.013276724086462265,0,0
1596,0.013322084106826178,0,0
1597,0.013288891705065434,0,0
1598,0.013283349446860061,0,0
1599,0.014034637435457608,0,0
1600,0.01406770969161138,0,0
1601,0.014100896847729943,0,0
1602,0.014083249914134805,0,0
1603,0.014062041199659323,0,0
1604,0.014053517742597096,0,0
1605,0.01409248271646462,0,0
1606,0.014115951130660125,0,0
1607,0.014097222349382767,0,0
1608,0.014134588340631854,0,0
1609,0.01417698887697522,0,0
1610,0.014228543388555802,0,0
1611,0.014219205327501597,0,0
1612,0.014267468960013784,0,0
1613,0.01425673045561314,0,0
1614,0.01429862802072276,0,0
1615,0.014291533299547729,0,0
1616,0.014309842501265874,0,0
1617,0.01428730760082009,0,0
1618,0.014336514286595006,0,0
1619,0.014319536235097899,0,0
1620,0.01430762386842333,0,0
1621,0.014277313191530238,0,0
1622,0.01428364900888897,0,0
1623,0.014332315951994018,0,0
1624,0.014316028144914644,0,0
1625,0.01435719254359099,0,0
1626,0.016135702270966504,0,0
1627,0.016094682307714117,0,0
1628,0.016057508149040053,0,0
1629,0.016026135089113623,0,0
1630,0.01603341837948513,0,0
1631,0.01607523125505588,0,0
1632,0.016138909629859956,0,0
1633,0.016196706012499427,0,0
1634,0.016261804207360918,0,0
1635,0.016240200153283334,0,0
1636,0.016207994677603695,0,0
1637,0.016272238376345713,0,0
1638,0.016286927412742996,0,0
1639,0.016352237782299668,0,0
1640,0.016374272446258584,0,0
1641,0.016419740611167393,0,0
1642,0.016391763433234133,0,0
1643,0.016459212625393044,0,0
1644,0.016513770004041174,0,0
1645,0.01647052689350905,0,0
1646,0.01643242635401354,0,0
1647,0.01650419745984104,0,0
1648,0.016563823141764623,0,0
1649,0.01662026724818083,0,0
1650,0.01665785553000762,0,0
1651,0.016650742359393948,0,0
1652,0.01663267606467078,0,0
1653,0.02699334191710092,0,0
1654,0.027029650053083845,0,0
1655,0.027011938646473617,0,0
1656,0.026964977570467907,0,0
1657,0.026897841554587375,0,0
1658,0.02690310788375591,0,0
1659,0.02696892365708734,0,0
1660,0.026996463351881668,0,0
1661,0.02691973806251631,0,0
1662,0.02689095147777579,0,0
1663,0.026891192125433762,0,0
1664,0.02689314360470596,0,0
1665,0.026954723304509244,0,0
1666,0.02691014880301617,0,0
1667,0.02689908729144757,0,0
1668,0.026978510254027293,0,0
1669,0.027043749846805916,0,0
1670,0.027048074877009567,0,0
1671,0.026991158840422524,0,0
1672,0.027053380346434938,0,0
1673,0.027126079399004042,0,0
1674,0.027183462073416036,0,0
1675,0.027142164129788003,0,0
1676,0.027188326388944695,0,0
1677,0.027138292354361635,0,0
1678,0.027181203301404902,0,0
1679,0.027124445783483223,0,0
1680,0.048347911092192844,0,0
1681,0.048414870235816275,0,0
1682,0.048479508920569514,0,0
1683,0.048394817206332645,0,0
1684,0.048332135560076664,0,0
1685,0.04839812929248738,0,0
1686,0.04846556057978118,0,0
1687,0.04845459558621909,0,0
1688,0.04836909657624212,0,0
1689,0.04827855392278392,0,0
1690,0.048350575653308935,0,0
1691,0.04827568382485839,0,0
1692,0.048277830431462845,0,0
1693,0.048353024969109634,0,0
1694,0.04825122001864656,0,0
1695,0.04821900923800974,0,0
1696,0.0481140665905225,0,0
1697,0.048148158112132175,0,0
1698,0.04806089771377776,0,0
1699,0.04794568679559075,0,0
1700,0.04786839780299704,0,0
1701,0.0478526457376016,0,0
1702,0.0479167102577797,0,0
1703,0.047989748071020216,0,0
1704,0.04794204022859636,0,0
1705,0.04790361359737427,0,0
1706,0.04779152848425369,0,0
1707,0.047836306254996346,0,0
1708,0.045353244167038446,0,0
1709,0.045350020308072767,0,0
1710,0.045317201759086365,0,0
1711,0.045277227823154964,0,0
1712,0.04535817372987114,0,0
1713,0.045270032931444895,0,0
1714,0.04534465086801687,0,0
1715,0.04543743656935892,0,0
1716,0.04540059920762292,0,0
1717,0.04548572270682674,0,0
1718,0.04555252437328639,0,0
1719,0.04562411807598961,0,0
1720,0.04555357754259885,0,0
1721,0.04551066596575068,0,0
1722,0.045532377904892216,0,0
1723,0.045480870093347475,0,0
1724,0.04556295367117423,0,0
1725,0.04561099865055601,0,0
1726,0.04549199549964829,0,0
1727,0.04557983492057981,0,0
1728,0.045538335366499136,0,0
1729,0.045427860067775536,0,0
1730,0.0453995892822094,0,0
1731,0.04547763390891857,0,0
1732,0.04555658951873853,0,0
1733,0.04548423247336169,0,0
1734,0.045556309108988946,0,0
1735,0.04551736859587029,0,0
1736,0.03788400239021254,0,0
1737,0.03797249409513305,0,0
1738,0.03798420814428627,0,0
1739,0.03808630241387587,0,0
1740,0.03815111766383199,0,0
1741,0.03823871046825657,0,0
1742,0.03823563711497544,0,0
1743,0.03826107828309915,0,0
1744,0.03826767999669779,0,0
1745,0.03818491766327398,0,0
1746,0.03818912875732611,0,0
1747,0.03827791041385374,0,0
1748,0.03828481481786187,0,0
1749,0.03821896711293192,0,0
1750,0.03814019566994089,0,0
1751,0.03807178692084756,0,0
1752,0.03808786794713034,0,0
1753,0.03813591340853026,0,0
1754,0.03817427719641623,0,0
1755,0.03829069374041454,0,0
1756,0.03832316095070676,0,0
1757,0.03829865186436858,0,0
1758,0.03837365380272134,0,0
1759,0.03833731166526079,0,0
1760,0.038419927634329235,0,0
1761,0.0383462885219865,0,0
1762,0.03829820489268915,0,0
1763,0.04237799179931937,0,0
1764,0.042412222001490085,0,0
1765,0.04234670699559886,0,0
1766,0.04237722925955707,0,0
1767,0.042391410232344086,0,0
1768,0.042296213887566096,0,0
1769,0.042327069748194626,0,0
1770,0.042230243119135535,0,0
1771,0.042221248112607065,0,0
1772,0.04217003490295185,0,0
1773,0.04221012432436517,0,0
1774,0.042286108721904345,0,0
1775,0.042399568717319015,0,0
1776,0.0425043576379305,0,0
1777,0.04241248333520834,0,0
1778,0.04231974858946978,0,0
1779,0.04236828881738404,0,0
1780,0.04245616538633852,0,0
1781,0.04253581762899403,0,0
1782,0.04248297637287238,0,0
1783,0.04249079883794436,0,0
1784,0.042445773599580516,0,0
1785,0.04240823509879046,0,0
1786,0.04247289328493714,0,0
1787,0.04239641774885052,0,0
1788,0.0425055541929538,0,0
1789,0.04250927025644219,0,0
1790,0.04260123844939363,0,0
1791,0.04259953830287779,0,0
1792,0.05870506079482965,0,0
1793,0.058560484451927776,0,0
1794,0.05862018556142929,0,0
1795,0.05856424722125606,0,0
1796,0.05851907011313083,0,0
1797,0.058420969821569226,0,0
1798,0.05848581397395747,0,0
1799,0.05835248288011009,0,0
1800,0.058452974976393485,0,0
1801,0.058562925064394616,0,0
1802,0.05843376510726071,0,0
1803,0.05843870197815057,0,0
1804,0.058516601214592595,0,0
1805,0.05840817060781153,0,0
1806,0.058478360775875274,0,0
1807,0.05842087253870021,0,0
1808,0.05828317234635462,0,0
1809,0.05834337462468631,0,0
1810,0.05833326258802293,0,0
1811,0.05839779968976849,0,0
1812,0.05853282836893961,0,0
1813,0.05851092047382771,0,0
1814,0.058433464759022974,0,0
1815,0.058298511246046375,0,0
1816,0.058287340342045274,0,0
1817,0.05833056400181822,0,0
1818,0.058378122985492,0,0
1819,0.05831738128838495,0,0
1820,0.058459026930554873,0,0
1821,0.058519415559677504,0,0
1822,0.0584712989039798,0,0
1823,0.05853037962819721,0,0
1824,0.05855618992011753,0,0
1825,0.058517416567242186,0,0
1826,0.05846917405875297,0,0
1827,0.05844050122316212,0,0
1828,0.058482328160404475,0,0
1829,0.05857290904405273,0,0
1830,0.05857222994654847,0,0
1831,0.05849550325458497,0,0
1832,0.058363656112452984,0,0
1833,0.05838495874886972,0,0
1834,0.05839100146448423,0,0
1835,0.05846191677680737,0,0
1836,0.05836939757129235,0,0
1837,0.058331055210290805,0,0
1838,0.05838875880881651,0,0
1839,0.05832510283372737,0,0
1840,0.058297184606612915,0,0
1841,0.0581952240833373,0,0
1842,0.05814532818706286,0,0
1843,0.05823939112357521,0,0
1844,0.058258005954491335,0,0
1845,0.058252577412062245,0,0
1846,0.05812107277356965,0,0
1847,0.05799677612887898,0,0
1848,0.08491314773138112,1,1
1849,1.6209294125198904e-06,0,0
1850,3.3629641223915333e-06,0,0
1851,4.775920435700217e-06,0,0
1852,6.848941580970365e-06,0,0
1853,1.1980739622651723e-05,0,0
1854,1.5391229305415668e-05,0,0
1855,1.7729280019539205e-05,0,0
1856,1.8974032237303774e-05,0,0
1857,2.209261692298945e-05,0,0
1858,2.2680943817896907e-05,0,0
1859,2.55739454155978e-05,0,0
1860,3.52935006347003e-05,0,0
1861,3.754146904500789e-05,0,0
1862,3.969542164952996e-05,0,0
1863,4.7469336480401595e-05,0,0
1864,5.197168833886543e-05,0,0
1865,5.437767125912928e-05,0,0
1866,5.704617414656927e-05,0,0
1867,7.049352161973368e-05,0,0
1868,7.295524397521535e-05,0,0
1869,7.814155646242054e-05,0,0
1870,8.446966060854433e-05,0,0
1871,8.78032816927016e-05,0,0
1872,9.631483720855941e-05,0,0
1873,9.872240287430855e-05,0,0
1874,0.00010417796808499103,0,0
1875,0.00010744268341624153,0,0
1876,0.0001105807801158345,0,0
1877,0.004641869345921725,0,0
1878,0.004655053173695934,0,0
1879,0.0046595743836213045,0,0
1880,0.004651768376968906,0,0
1881,0.004666196698161385,0,0
1882,0.004663432245783603,0,0
1883,0.004664099110234169,0,0
1884,0.004649211775731011,0,0
1885,0.004660719022320288,0,0
1886,0.004650926819192406,0,0
1887,0.0046391620732022226,0,0
1888,0.004645664018282432,0,0
1889,0.004624585651431454,0,0
1890,0.004616777402142523,0,0
1891,0.004624726763042888,0,0
1892,0.004637475356157907,0,0
1893,0.00461506520632079,0,0
1894,0.004601165900751117,0,0
1895,0.004592682116438912,0,0
1896,0.004594807926310439,0,0
1897,0.004618762812266349,0,0
1898,0.004616388049441873,0,0
1899,0.004618133609190609,0,0
1900,0.004610399384137579,0,0
1901,0.004618703057039113,0,0
1902,0.004633378702697937,0,0
1903,0.004627802247363819,0,0
1904,0.004654261317692375,0,0
1905,0.004653891009828621,0,0
1906,0.014625420460711103,0,0
1907,0.014654679891895487,0,0
1908,0.01468456993196842,0,0
1909,0.014688329274674944,0,0
1910,0.014721228763433325,0,0
1911,0.014740076620420173,0,0
1912,0.014708670846570782,0,0
1913,0.01470340268742448,0,0
1914,0.014686857002642169,0,0
1915,0.01470038211613569,0,0
1916,0.014739025748058208,0,0
1917,0.014734746655534287,0,0
1918,0.014765635344522035,0,0
1919,0.014746871006354047,0,0
1920,0.01478483637407137,0,0
1921,0.014782430669328534,0,0
1922,0.014792017436046797,0,0
1923,0.01482777179859553,0,0
1924,0.014809995524168463,0,0
1925,0.014788217909906807,0,0
1926,0.01479741195191514,0,0
1927,0.014770345197810618,0,0
1928,0.014758028899355378,0,0
1929,0.014729679186243289,0,0
1930,0.014765423845142022,0,0
1931,0.014745619842539845,0,0
1932,0.01470974941149687,0,0
1933,0.014746877488878632,0,0
1934,0.014724327912928782,0,0
1935,0.029919100995519657,0,0
1936,0.029933153476339645,0,0
1937,0.02989320150842264,0,0
1938,0.029875636385965444,0,0
1939,0.029913431523941193,0,0
1940,0.029943186764977883,0,0
1941,0.02991105203083996,0,0
1942,0.029903759078575367,0,0
1943,0.029909538115073922,0,0
1944,0.02987503382428848,0,0
1945,0.02981154695258624,0,0
1946,0.029787469186605603,0,0
1947,0.029753214062086572,0,0
1948,0.029683284668923216,0,0
1949,0.029676699729500457,0,0
1950,0.029615108326632243,0,0
1951,0.029576422638828235,0,0
1952,0.029563359003098623,0,0
1953,0.029591363144002764,0,0
1954,0.02953602800159167,0,0
1955,0.02947634172426651,0,0
1956,0.029458768075454184,0,0
1957,0.029410883984513542,0,0
1958,0.02939555632748215,0,0
1959,0.02937264070463868,0,0
1960,0.029392235862785,0,0
1961,0.029436509395770288,0,0
1962,0.02939890055825919,0,0
1963,0.029349264799203918,0,0
1964,0.02929430338335344,0,0
1965,0.06417984853899633,0,0
1966,0.06406857472106298,0,0
1967,0.0639558178595514,0,0
1968,0.06390589144210362,0,0
1969,0.06394884085903856,0,0
1970,0.06383576529775378,0,0
1971,0.06386443490829886,0,0
1972,0.06379954866104037,0,0
1973,0.06369260317729702,0,0
1974,0.06357694742752434,0,0
1975,0.06358311224270685,0,0
1976,0.06361503662721793,0,0
1977,0.0635141566974222,0,0
1978,0.06346515947450154,0,0
1979,0.0635051163216494,0,0
1980,0.06352488173616538,0,0
1981,0.06342301314690847,0,0
1982,0.06338200939898608,0,0
1983,0.06328606131833146,0,0
1984,0.06332855713303344,0,0
1985,0.0633314444333747,0,0
1986,0.06327876029107365,0,0
1987,0.06330301248659705,0,0
1988,0.06332225001221839,0,0
1989,0.06325624512225847,0,0
1990,0.06312592977546408,0,0
1991,0.0630083267696953,0,0
1992,0.06290457464659759,0,0
1993,0.06293881345052807,0,0
1994,0.06283832864799274,0,0
1995,0.06187964270866467,0,0
1996,0.06192254200995824,0,0
1997,0.061821095280082054,0,0
1998,0.0617274843324031,0,0
1999,0.06162754848306279,0,0
2000,0.061640038120471675,0,0
2001,0.06160392218332748,0,0
2002,0.06158767448606178,0,0
2003,0.0615141753346877,0,0
2004,0.0615578873478211,0,0
2005,0.061598837825682415,0,0
2006,0.061504586627658946,0,0
2007,0.06152971646194436,0,0
2008,0.06143455811077242,0,0
2009,0.06148878611364174,0,0
2010,0.06151850979574491,0,0
2011,0.06156110656903286,0,0
2012,0.06158706366556225,0,0
2013,0.061609020356849536,0,0
2014,0.06160071028710817,0,0
2015,0.06164066730035796,0,0
2016,0.061642227744435785,0,0
2017,0.06162750015121414,0,0
2018,0.06156093667550261,0,0
2019,0.061627150076871674,0,0
2020,0.06163130416940261,0,0
2021,0.06168221206220316,0,0
2022,0.0616990753093537,0,0
2023,0.06161167754574799,0,0
2024,0.04824923272766644,0,0
2025,0.04815339165393691,0,0
2026,0.04805751060150022,0,0
2027,0.047991601811110805,0,0
2028,0.04794000265410191,0,0
2029,0.04798782592876069,0,0
2030,0.04802141715774334,0,0
2031,0.04804222639689082,0,0
2032,0.04808585255457186,0,0
2033,0.047991671352482335,0,0
2034,0.04797945050446595,0,0
2035,0.04790660326249208,0,0
2036,0.04796120810185295,0,0
2037,0.0479554856098736,0,0
2038,0.04788522067490206,0,0
2039,0.04794231899190892,0,0
2040,0.047940811474742044,0,0
2041,0.047986537025451234,0,0
2042,0.04797071424833592,0,0
2043,0.04801461360655904,0,0
2044,0.04803751257908827,0,0
2045,0.04796874575887264,0,0
2046,0.04801643798982298,0,0
2047,0.048062107503242246,0,0
2048,0.048017377252745366,0,0
2049,0.04802496670788427,0,0
2050,0.048045658615701564,0,0
2051,0.0480703991700187,0,0
2052,0.04806378012166794,0,0
2053,0.048076684428023986,0,0
2054,0.047995663148463125,0,0
2055,0.053322837131318856,0,0
2056,0.05336242112348659,0,0
2057,0.05325515070161163,0,0
2058,0.05328331057434481,0,0
2059,0.0533449607244643,0,0
2060,0.05333298834623587,0,0
2061,0.05330929038752519,0,0
2062,0.05333257390901838,0,0
2063,0.05321996764587,0,0
2064,0.05326905154777756,0,0
2065,0.05330512521535438,0,0
2066,0.05334361087850781,0,0
2067,0.05336916299456575,0,0
2068,0.053291071239064264,0,0
2069,0.05328695350908144,0,0
2070,0.05331755230758177,0,0
2071,0.053394928573363636,0,0
2072,0.053302050784116595,0,0
2073,0.05323311904463571,0,0
2074,0.053137471212637316,0,0
2075,0.053142116226530714,0,0
2076,0.05316518145569915,0,0
2077,0.053074639150693124,0,0
2078,0.05304142531236583,0,0
2079,0.05303210297437988,0,0
2080,0.052960122747496785,0,0
2081,0.052852699647293805,0,0
2082,0.05278038062224084,0,0
2083,0.05283406752220102,0,0
2084,0.05277968089700792,0,0
2085,0.07222948316719782,0,0
2086,0.07210338088957235,0,0
2087,0.07216554779893891,0,0
2088,0.07225088001236621,0,0
2089,0.07234452132705732,0,0
2090,0.07227110874090523,0,0
2091,0.07235477398591307,0,0
2092,0.07241530363514292,0,0
2093,0.07241928054505858,0,0
2094,0.072342842853262,0,0
2095,0.07240912299174351,0,0
2096,0.0723033568118386,0,0
2097,0.07235607877778222,0,0
2098,0.07223188027619953,0,0
2099,0.07217980144151546,0,0
2100,0.07213031164844096,0,0
2101,0.0722023640549034,0,0
2102,0.07204118934641547,0,0
2103,0.07209402424239446,0,0
2104,0.07206011767586831,0,0
2105,0.07202337260739829,0,0
2106,0.07201118303235284,0,0
2107,0.07193421263500646,0,0
2108,0.0720069368728764,0,0
2109,0.07189012417515656,0,0
2110,0.07174566519066192,0,0
2111,0.07176171916263188,0,0
2112,0.07174721101452777,0,0
2113,0.07166786541853395,0,0
2114,0.0717149046121653,0,0
2115,0.06847766581607714,0,0
2116,0.06834297911405995,0,0
2117,0.06831566280333076,0,0
2118,0.06820019074014251,0,0
2119,0.06825921303622283,0,0
2120,0.06812873212787729,0,0
2121,0.06803616571221593,0,0
2122,0.06806674043571066,0,0
2123,0.06793646957311694,0,0
2124,0.06796562566921338,0,0
2125,0.0679195231298232,0,0
2126,0.06783183082564458,0,0
2127,0.06774125659166358,0,0
2128,0.06770793504750652,0,0
2129,0.06769132633565808,0,0
2130,0.06762929171573981,0,0
2131,0.06760675228700166,0,0
2132,0.06749255461629114,0,0
2133,0.06754096497058104,0,0
2134,0.06760954732658082,0,0
2135,0.06759282867060953,0,0
2136,0.06751546141668201,0,0
2137,0.06745086118978605,0,0
2138,0.06751688037746754,0,0
2139,0.06755774103320611,0,0
2140,0.06744663754427221,0,0
2141,0.06749879052956069,0,0
2142,0.06749283202409635,0,0
2143,0.06735634001876209,0,0
2144,0.06722009116251869,0,0
2145,0.06707321402334933,0,0
2146,0.08529952347549463,1,1
2147,1.034704469939732e-06,0,0
2148,2.1283172851622584e-06,0,0
2149,3.2812637752854626e-06,0,0
2150,4.7899559949630995e-06,0,0
2151,5.981248291899923e-06,0,0
2152,7.228472616479767e-06,0,0
2153,8.00981264617832e-06,0,0
2154,8.693320514858001e-06,0,0
2155,9.422335795200232e-06,0,0
2156,9.981235329486575e-06,0,0
2157,1.2158028670670584e-05,0,0
2158,1.5370242116822597e-05,0,0
2159,1.673796343800405e-05,0,0
2160,1.7602494652924214e-05,0,0
2161,1.7238333804296436e-05,0,0
2162,1.9730231030963636e-05,0,0
2163,2.4195215270020005e-05,0,0
2164,2.8836740681017018e-05,0,0
2165,3.0488133373945098e-05,0,0
2166,3.26514640445545e-05,0,0
2167,3.522768080416503e-05,0,0
2168,3.92204286452195e-05,0,0
2169,4.0227570157373455e-05,0,0
2170,4.381508235279784e-05,0,0
2171,4.67263880130236e-05,0,0
2172,4.804561733918422e-05,0,0
2173,4.980282596875275e-05,0,0
2174,5.324837424427034e-05,0,0
2175,5.4248598708895564e-05,0,0
2176,5.6803106084738485e-05,0,0
2177,0.001786463825310973,0,0
2178,0.001791005308884953,0,0
2179,0.001783292366827687,0,0
2180,0.001789839083641383,0,0
2181,0.0017819104885886533,0,0
2182,0.001775005489801656,0,0
2183,0.0017735586885808726,0,0
2184,0.001767681522189554,0,0
2185,0.0017737901322822246,0,0
2186,0.0017820281608432035,0,0
2187,0.001781490712723531,0,0
2188,0.0017716910472283425,0,0
2189,0.0017666950116473857,0,0
2190,0.0017588692601297046,0,0
2191,0.0017573022647301663,0,0
2192,0.0017570460157443635,0,0
2193,0.0017642739223594352,0,0
2194,0.0017714734686345972,0,0
2195,0.0017686301794342424,0,0
2196,0.0017613188716194344,0,0
2197,0.001770310281680312,0,0
2198,0.001759681570749759,0,0
2199,0.001753279636541759,0,0
2200,0.0017503549018881785,0,0
2201,0.0017501618659222832,0,0
2202,0.0017429157368877516,0,0
2203,0.001753826753947428,0,0
2204,0.0017573072255155384,0,0
2205,0.0017646312067013583,0,0
2206,0.001774332966046228,0,0
2207,0.0017835057790143109,0,0
2208,0.0037091649473853447,0,0
2209,0.003711856844131051,0,0
2210,0.003732468686478635,0,0
2211,0.003742232765220539,0,0
2212,0.003760441602524899,0,0
2213,0.0037790571095668085,0,0
2214,0.0037855797854444502,0,0
2215,0.0037846056154571227,0,0
2216,0.003784554895641483,0,0
2217,0.003780839521102859,0,0
2218,0.0037774096396600513,0,0
2219,0.0037849482630782196,0,0
2220,0.0037993708760819703,0,0
2221,0.0037998986487435245,0,0
2222,0.0038165920247128526,0,0
2223,0.003812475772527368,0,0
2224,0.0038195583513945582,0,0
2225,0.0038362298396770957,0,0
2226,0.00382838321430679,0,0
2227,0.0038566742749500077,0,0
2228,0.003871761447083535,0,0
2229,0.0038638387828886433,0,0
2230,0.003860223869388623,0,0
2231,0.0038595667285863397,0,0
2232,0.003873985593429489,0,0
2233,0.003881482179899205,0,0
2234,0.0038680931335824827,0,0
2235,0.003876334950345329,0,0
2236,0.0038771483621267188,0,0
2237,0.0038738973438068778,0,0
2238,0.0038840488522195486,0,0
2239,0.003888682858356941,0,0
2240,0.004969664653885753,0,0
2241,0.004948435963449145,0,0
2242,0.004966666636872329,0,0
2243,0.004961188052279322,0,0
2244,0.004996730712308025,0,0
2245,0.004997146581699059,0,0
2246,0.004987200259319536,0,0
2247,0.005007493983184169,0,0
2248,0.005026950455512356,0,0
2249,0.005032043725337017,0,0
2250,0.005026775311277654,0,0
2251,0.005049506774728941,0,0
2252,0.005072758409828197,0,0
2253,0.005074644783324711,0,0
2254,0.005089976099862969,0,0
2255,0.0051037555041334205,0,0
2256,0.005095070902591236,0,0
2257,0.005123228456493508,0,0
2258,0.00512146254118445,0,0
2259,0.005108237630944269,0,0
2260,0.005125054546113174,0,0
2261,0.005112355282007814,0,0
2262,0.005099074342881687,0,0
2263,0.005114718675303566,0,0
2264,0.005112694303432237,0,0
2265,0.005130613670846,0,0
2266,0.005160883433655683,0,0
2267,0.005182237802656525,0,0
2268,0.005171514265288392,0,0
2269,0.00516445708817273,0,0
2270,0.005190519604047927,0,0
2271,0.005170705042735598,0,0
2272,0.003047130522854895,0,0
2273,0.0030511603317304368,0,0
2274,0.0030746910538613,0,0
2275,0.003067127271671782,0,0
2276,0.0030885558878470582,0,0
2277,0.003084616279107653,0,0
2278,0.0030773114444531454,0,0
2279,0.00306518057313782,0,0
2280,0.00307787110444873,0,0
2281,0.003068527841031281,0,0
2282,0.0030787251587703094,0,0
2283,0.003107432413932451,0,0
2284,0.0031079679096135803,0,0
2285,0.003122612795192478,0,0
2286,0.0031344320978487538,0,0
2287,0.0031579706785639997,0,0
2288,0.0031746430499308776,0,0
2289,0.0031887105925061635,0,0
2290,0.003201827415900405,0,0
2291,0.0032267538600931323,0,0
2292,0.003246961964375342,0,0
2293,0.0032670290460224635,0,0
2294,0.0032958510879921078,0,0
2295,0.0033180939156692082,0,0
2296,0.0033211065004399233,0,0
2297,0.0033151819333590484,0,0
2298,0.0033229959446665056,0,0
2299,0.003321853929250996,0,0
2300,0.0033447443469834296,0,0
2301,0.003368377335693897,0,0
2302,0.0033589145445022993,0,0
2303,0.0066612364129622886,0,0
2304,0.006657951602568888,0,0
2305,0.006682880565096238,0,0
2306,0.006673640459121403,0,0
2307,0.006687957815681357,0,0
2308,0.006679254444467394,0,0
2309,0.006677539773910596,0,0
2310,0.006685430135431894,0,0
2311,0.006670377216613755,0,0
2312,0.00669802089584204,0,0
2313,0.006692194604779615,0,0
2314,0.00667671295853631,0,0
2315,0.0067207013932953615,0,0
2316,0.006727540284563202,0,0
2317,0.006768582610776595,0,0
2318,0.006753515668844819,0,0
2319,0.006745509834828647,0,0
2320,0.0067649306776814515,0,0
2321,0.0067559718765598555,0,0
2322,0.006791082539020891,0,0
2323,0.0068071981466916506,0,0
2324,0.006810748849346277,0,0
2325,0.006816658508745382,0,0
2326,0.00682025388999318,0,0
2327,0.00682144326328564,0,0
2328,0.006806595114627393,0,0
2329,0.006814460259457486,0,0
2330,0.00682352390036617,0,0
2331,0.006827559889046746,0,0
2332,0.00687887971177855,0,0
2333,0.00692157814054256,0,0
2334,0.006941443518669949,0,0
2335,0.006939643509847741,0,0
2336,0.020629196107647185,0,0
2337,0.020664555793269195,0,0
2338,0.020702772009152933,0,0
2339,0.02073154909142831,0,0
2340,0.02070622936865142,0,0
2341,0.020698021280224917,0,0
2342,0.020689310687880248,0,0
2343,0.020680076991285004,0,0
2344,0.020716576907890964,0,0
2345,0.02070501253730379,0,0
2346,0.020706004029265025,0,0
2347,0.020697486964845503,0,0
2348,0.020665298950523957,0,0
2349,0.02070804168262745,0,0
2350,0.020689111160626772,0,0
2351,0.02066065656385107,0,0
2352,0.02065275289612642,0,0
2353,0.020683752274863423,0,0
2354,0.020688406633803193,0,0
2355,0.0206868849860207,0,0
2356,0.0207332407227978,0,0
2357,0.020716322296521216,0,0
2358,0.02068419642838425,0,0
2359,0.020678111444194378,0,0
2360,0.020673283661354697,0,0
2361,0.020664259267811493,0,0
2362,0.020666287748815376,0,0
2363,0.02065496876838089,0,0
2364,0.020677586501226336,0,0
2365,0.02065061464435909,0,0
2366,0.020625669988033432,0,0
2367,0.020640507667070814,0,0
2368,0.023743509566139003,0,0
2369,0.023709847151996675,0,0
2370,0.02368266903722475,0,0
2371,0.023664808860459234,0,0
2372,0.023681174406937705,0,0
2373,0.023695261015684088,0,0
2374,0.023735637783164672,0,0
2375,0.023710484855776908,0,0
2376,0.023712195762249283,0,0
2377,0.023728008988750642,0,0
2378,0.023693526697388688,0,0
2379,0.023749379734903167,0,0
2380,0.02372275783293474,0,0
2381,0.023709725588198626,0,0
2382,0.02372440584600488,0,0
2383,0.02377708991889683,0,0
2384,0.02375161749622239,0,0
2385,0.02378296699274148,0,0
2386,0.02380259975164227,0,0
2387,0.023777325820309808,0,0
2388,0.02375613444879363,0,0
2389,0.02371445483128312,0,0
2390,0.023730945507090418,0,0
2391,0.023710549202551577,0,0
2392,0.02372542253998845,0,0
2393,0.023697625019830318,0,0
2394,0.0236840879064493,0,0
2395,0.023686539367281982,0,0
2396,0.023694720737679944,0,0
2397,0.023664134546158625,0,0
2398,0.023667346864044286,0,0
2399,0.02364323785786191,0,0
2400,0.025099881281110643,0,0
2401,0.025056712291069993,0,0
2402,0.025043923755214532,0,0
2403,0.025069810421156344,0,0
2404,0.02509891493769481,0,0
2405,0.025079218442675896,0,0
2406,0.025075955837346765,0,0
2407,0.02514676192014496,0,0
2408,0.02513310498321742,0,0
2409,0.02511180188946719,0,0
2410,0.02511959722504005,0,0
2411,0.025144982360698877,0,0
2412,0.025112976720516485,0,0
2413,0.02511808783028764,0,0
2414,0.025122397239318965,0,0
2415,0.02510483418172365,0,0
2416,0.025163432975775505,0,0
2417,0.02514283382385004,0,0
2418,0.025106105069615033,0,0
2419,0.025122627361993714,0,0
2420,0.02515171413062095,0,0
2421,0.025165751067604263,0,0
2422,0.025182893865332075,0,0
2423,0.025246367065977018,0,0
2424,0.025264893300533803,0,0
2425,0.02528965509524735,0,0
2426,0.02528498064246211,0,0
2427,0.02525171985452792,0,0
2428,0.025303293001904786,0,0
2429,0.025281256141730813,0,0
2430,0.025311543579682336,0,0
2431,0.025269211216095627,0,0
2432,0.025258707502044724,0,0
2433,0.03548195028278784,0,0
2434,0.03547291440460535,0,0
2435,0.03545946692874838,0,0
2436,0.035452690186305556,0,0
2437,0.035416065577809616,0,0
2438,0.03536586522355249,0,0
2439,0.035313316163171994,0,0
2440,0.03536832651796406,0,0
2441,0.035342448319369404,0,0
2442,0.035334875782530174,0,0
2443,0.035360139310385064,0,0
2444,0.03543468819354067,0,0
2445,0.03538008795109181,0,0
2446,0.0354558821874716,0,0
2447,0.03548248490644192,0,0
2448,0.03553662799327744,0,0
2449,0.03561525824947973,0,0
2450,0.035589629689831564,0,0
2451,0.03566047036637795,0,0
2452,0.03566118264504203,0,0
2453,0.0356975376005749,0,0
2454,0.0357667260397187,0,0
2455,0.035815417371956475,0,0
2456,0.035768368122691165,0,0
2457,0.03574756928837599,0,0
2458,0.03577631446316002,0,0
2459,0.03579419675371508,0,0
2460,0.03577400401270356,0,0
2461,0.03574959656592187,0,0
2462,0.03569268948300678,0,0
2463,0.03570546820489928,0,0
2464,0.03574793927528359,0,0
2465,0.03580737608336694,0,0
2466,0.049422047085165705,0,0
2467,0.04941914776902348,0,0
2468,0.04937269370126604,0,0
2469,0.04944363886851398,0,0
2470,0.04947280581307822,0,0
2471,0.049534958619309774,0,0
2472,0.04954365622281904,0,0
2473,0.04948590049966174,0,0
2474,0.04946343261143232,0,0
2475,0.049538497091674814,0,0
2476,0.04948292931065227,0,0
2477,0.04941401627097927,0,0
2478,0.049477507460693515,0,0
2479,0.04949998104389798,0,0
2480,0.049449584248143184,0,0
2481,0.049447551653151234,0,0
2482,0.049379962807828165,0,0
2483,0.04941735011760828,0,0
2484,0.04937812159443454,0,0
2485,0.04932604565020129,0,0
2486,0.04935537939777352,0,0
2487,0.04943205070203609,0,0
2488,0.049383812950285905,0,0
2489,0.049456062482887225,0,0
2490,0.049546658655757844,0,0
2491,0.049589808447146805,0,0
2492,0.04966180988658227,0,0
2493,0.0497353347919149,0,0
2494,0.04970218249958236,0,0
2495,0.049637397557145364,0,0
2496,0.049581132813979065,0,0
2497,0.04960044804656722,0,0
2498,0.04955285130178866,0,0
2499,0.08485380635415354,1,1
2500,8.67210291238866e-07,0,0
2501,1.4402345931348674e-06,0,0
2502,2.579174963576589e-06,0,0
2503,4.9309157922993535e-06,0,0
2504,5.9178457518471955e-06,0,0
2505,8.191551793103734e-06,0,0
2506,8.7214768492478e-06,0,0
2507,1.1808482187191813e-05,0,0
2508,1.5883161512532715e-05,0,0
2509,1.771441256416853e-05,0,0
2510,1.819535625156589e-05,0,0
2511,2.0808344261213982e-05,0,0
2512,2.370175038822641e-05,0,0
2513,2.738112295710276e-05,0,0
2514,3.103229943010632e-05,0,0
2515,3.3153639364565265e-05,0,0
2516,3.627446914224512e-05,0,0
2517,3.951794327153961e-05,0,0
2518,4.4007128342422296e-05,0,0
2519,4.594679685869124e-05,0,0
2520,4.7925694175841015e-05,0,0
2521,5.393615946879178e-05,0,0
2522,5.767465788556016e-05,0,0
2523,6.070844108747309e-05,0,0
2524,6.502230180739486e-05,0,0
2525,6.86222611859553e-05,0,0
2526,7.290326551832116e-05,0,0
2527,7.862424400106989e-05,0,0
2528,8.242014968856063e-05,0,0
2529,8.72339692857834e-05,0,0
2530,9.133687745664019e-05,0,0
2531,9.91515936351993e-05,0,0
2532,0.00010522495382897843,0,0
2533,0.010581327216077508,0,0
2534,0.0105928060673109,0,0
2535,0.010585524523714673,0,0
2536,0.010576285744740122,0,0
2537,0.010571262390613274,0,0
2538,0.0105782856876336,0,0
2539,0.010581216317069443,0,0
2540,0.010596510868747291,0,0
2541,0.010589173788314078,0,0
2542,0.01059144090044804,0,0
2543,0.010580350921833983,0,0
2544,0.010562211597851968,0,0
2545,0.010557512466346609,0,0
2546,0.01056416562470556,0,0
2547,0.010566431612254505,0,0
2548,0.010585102551339291,0,0
2549,0.010608512915560942,0,0
2550,0.01062509698055374,0,0
2551,0.01061987166303759,0,0
2552,0.01060866542054192,0,0
2553,0.010622149031816606,0,0
2554,0.010613886162764052,0,0
2555,0.01060715009578503,0,0
2556,0.010622003087661923,0,0
2557,0.010631042259055326,0,0
2558,0.01062314255741224,0,0
2559,0.010602203127413268,0,0
2560,0.010590394437763096,0,0
2561,0.010592097498077453,0,0
2562,0.010617832102191017,0,0
2563,0.010638622730988938,0,0
2564,0.010620926065294434,0,0
2565,0.010635224636254464,0,0
2566,0.010651984497568736,0,0
2567,0.014893418234912522,0,0
2568,0.01489454154187127,0,0
2569,0.014912997198049043,0,0
2570,0.014881080942437248,0,0
2571,0.01485576471573489,0,0
2572,0.014822773319908182,0,0
2573,0.014819051104381553,0,0
2574,0.014790232270379362,0,0
2575,0.01478488120434804,0,0
2576,0.014755302543941907,0,0
2577,0.014751648686060586,0,0
2578,0.014766344610313687,0,0
2579,0.014758641694318253,0,0
2580,0.014760768874662551,0,0
2581,0.014755311929978388,0,0
2582,0.014728140223191782,0,0
2583,0.014710846346033233,0,0
2584,0.014733185487603682,0,0
2585,0.014719821039162575,0,0
2586,0.014734448498843037,0,0
2587,0.014716410071606702,0,0
2588,0.014694367827238068,0,0
2589,0.014675809525492592,0,0
2590,0.014650277536111658,0,0
2591,0.014638387516387496,0,0
2592,0.014664933906581626,0,0
2593,0.014638947917416396,0,0
2594,0.014611044606033956,0,0
2595,0.014587918074667302,0,0
2596,0.014604092489786613,0,0
2597,0.014582574134647886,0,0
2598,0.014551061454217876,0,0
2599,0.014526951982087765,0,0
2600,0.014460750937173361,0,0
2601,0.014439317469745958,0,0
2602,0.014409090108565293,0,0
2603,0.014403670519465468,0,0
2604,0.014406154495632376,0,0
2605,0.014392878194427416,0,0
2606,0.014406122402281306,0,0
2607,0.014406665465068219,0,0
2608,0.014425733042826577,0,0
2609,0.014430245146950457,0,0
2610,0.014426942558078457,0,0
2611,0.014446544228684466,0,0
2612,0.01445130335562669,0,0
2613,0.014443483483335441,0,0
2614,0.014429163143612249,0,0
2615,0.014435345074778873,0,0
2616,0.014429503812650315,0,0
2617,0.01444942032664708,0,0
2618,0.01443160057475252,0,0
2619,0.014448914706853687,0,0
2620,0.014456514192509063,0,0
2621,0.014465869337419973,0,0
2622,0.014445648276403746,0,0
2623,0.014439377985067607,0,0
2624,0.014434144850107565,0,0
2625,0.014420489330587058,0,0
2626,0.014431036451196092,0,0
2627,0.014401254928637147,0,0
2628,0.014380010867934811,0,0
2629,0.01436393461948952,0,0
2630,0.014392724977843717,0,0
2631,0.014406024362215908,0,0
2632,0.014388499630439382,0,0
2633,0.014395053688300505,0,0
2634,0.014380449210433906,0,0
2635,0.018007717720475575,0,0
2636,0.01802624439452334,0,0
2637,0.018025176364945366,0,0
2638,0.017991922833103205,0,0
2639,0.017985767664870065,0,0
2640,0.017973599262875537,0,0
2641,0.017950855476842324,0,0
2642,0.017952926907341463,0,0
2643,0.017953278056938988,0,0
2644,0.01792639905229483,0,0
2645,0.017907867659821892,0,0
2646,0.01791912754131454,0,0
2647,0.01789727604145436,0,0
2648,0.017872097313795098,0,0
2649,0.01787534019520822,0,0
2650,0.01788253831695481,0,0
2651,0.017855180205456202,0,0
2652,0.01788240970441133,0,0
2653,0.017862995132336155,0,0
2654,0.017867136316718338,0,0
2655,0.017864316558502135,0,0
2656,0.017838554712185185,0,0
2657,0.017841024262413803,0,0
2658,0.017831690707087927,0,0
2659,0.017866424425907548,0,0
2660,0.017880622528454525,0,0
2661,0.017890962606401332,0,0
2662,0.017908109516509018,0,0
2663,0.017913512251662815,0,0
2664,0.0179075055444321,0,0
2665,0.01793154472576626,0,0
2666,0.01793534843426401,0,0
2667,0.01795817426662877,0,0
2668,0.017965100213615,0,0
2669,0.043301861685613716,0,0
2670,0.043235752409476705,0,0
2671,0.04316918475015428,0,0
2672,0.0431111294264401,0,0
2673,0.04314481571731031,0,0
2674,0.04315165339840994,0,0
2675,0.043138439866628825,0,0
2676,0.04313287842618949,0,0
2677,0.04315652464869271,0,0
2678,0.04317674433406138,0,0
2679,0.04321857707802816,0,0
2680,0.04325091007955365,0,0
2681,0.0432461299408501,0,0
2682,0.04318572964824466,0,0
2683,0.04319766573675022,0,0
2684,0.04316462571416371,0,0
2685,0.04317249746272621,0,0
2686,0.04319319148798469,0,0
2687,0.0432029901133324,0,0
2688,0.04322442377130882,0,0
2689,0.0431564528222987,0,0
2690,0.0431043130577778,0,0
2691,0.04311842262315494,0,0
2692,0.0430719212575348,0,0
2693,0.04307895840071922,0,0
2694,0.04302667010392787,0,0
2695,0.042999644762856955,0,0
2696,0.0430352973895967,0,0
2697,0.04304211100310753,0,0
2698,0.04305750548523418,0,0
2699,0.04300165375996554,0,0
2700,0.043035993664785395,0,0
2701,0.04301226184484476,0,0
2702,0.043047178472544884,0,0
2703,0.04306631396269367,0,0
2704,0.043020815667564175,0,0
2705,0.04298460848648156,0,0
2706,0.04300862331522923,0,0
2707,0.0430175241097463,0,0
2708,0.042965526924245545,0,0
2709,0.04290816910575351,0,0
2710,0.04287616503807187,0,0
2711,0.04282465903037779,0,0
2712,0.042780261205936525,0,0
2713,0.042739070577146245,0,0
2714,0.042690502002493455,0,0
2715,0.04272963323967814,0,0
2716,0.0427584929339047,0,0
2717,0.0427551476362992,0,0
2718,0.042687510488996265,0,0
2719,0.042685286278759595,0,0
2720,0.04267210984698347,0,0
2721,0.04269769988784479,0,0
2722,0.04271327999495819,0,0
2723,0.04269848027670438,0,0
2724,0.04268229148172159,0,0
2725,0.04269117506991531,0,0
2726,0.042654175231003975,0,0
2727,0.042619691494346086,0,0
2728,0.0425709423060583,0,0
2729,0.04251712121582953,0,0
2730,0.042462638598699365,0,0
2731,0.04243470409712816,0,0
2732,0.04241470544700878,0,0
2733,0.04236935718999126,0,0
2734,0.04236339526479488,0,0
2735,0.042353867063984973,0,0
2736,0.04234236927904064,0,0
2737,0.04235514800338186,0,0
2738,0.029316827691331385,0,0
2739,0.02928967530017758,0,0
2740,0.0292533559149402,0,0
2741,0.029200557331439676,0,0
2742,0.029166846032503704,0,0
2743,0.029199735785434586,0,0
2744,0.029151738772703988,0,0
2745,0.029162531941266473,0,0
2746,0.029112719914590624,0,0
2747,0.029080929243812257,0,0
2748,0.029059119502564512,0,0
2749,0.029055144982509586,0,0
2750,0.029084809690549114,0,0
2751,0.029095448007520706,0,0
2752,0.029044908582959435,0,0
2753,0.02908833827504023,0,0
2754,0.02904736133732702,0,0
2755,0.02899947255349117,0,0
2756,0.02895176996261373,0,0
2757,0.028936898498422167,0,0
2758,0.02893584685266428,0,0
2759,0.028981994774907816,0,0
2760,0.02900198544581175,0,0
2761,0.028952961958860435,0,0
2762,0.02892688543573735,0,0
2763,0.028968061968127713,0,0
2764,0.028946314685070678,0,0
2765,0.028968216538129657,0,0
2766,0.028983572997883594,0,0
2767,0.02896989309792009,0,0
2768,0.029019162763725213,0,0
2769,0.02903786750319031,0,0
2770,0.029026085745578863,0,0
2771,0.029014021753077317,0,0
2772,0.02904277314820308,0,0
2773,0.029145856827304396,0,0
2774,0.02913802074378724,0,0
2775,0.02909769712330145,0,0
2776,0.02910483451094864,0,0
2777,0.029082299409620906,0,0
2778,0.029142658601860043,0,0
2779,0.029169015603010134,0,0
2780,0.029139402285607217,0,0
2781,0.029164923124709294,0,0
2782,0.02921513911957649,0,0
2783,0.029171637044671045,0,0
2784,0.029201433781621322,0,0
2785,0.029254956252459163,0,0
2786,0.029290547455132813,0,0
2787,0.029280131567482024,0,0
2788,0.029278509972693236,0,0
2789,0.029264701598753745,0,0
2790,0.029228488110365502,0,0
2791,0.029199465821194655,0,0
2792,0.029185290951884896,0,0
2793,0.02916450738519461,0,0
2794,0.02913690868917403,0,0
2795,0.02909522508036625,0,0
2796,0.029103700145569344,0,0
2797,0.029142148580698576,0,0
2798,0.029141165404668247,0,0
2799,0.029166760226998552,0,0
2800,0.029207563769041663,0,0
2801,0.029199566501603578,0,0
2802,0.029254093149809143,0,0
2803,0.029275048123820233,0,0
2804,0.029250236557997713,0,0
2805,0.029301456450151638,0,0
2806,0.029303935006197164,0,0
2807,0.029254217300104544,0,0
2808,0.029125052452650978,0,0
2809,0.02914711970497472,0,0
2810,0.0291711180911491,0,0
2811,0.029207435925636967,0,0
2812,0.029213193080110497,0,0
2813,0.029201257947211998,0,0
2814,0.029237961512254714,0,0
2815,0.029227945968771207,0,0
2816,0.029221537459328317,0,0
2817,0.02924966640271711,0,0
2818,0.02925790482712799,0,0
2819,0.02931865734462434,0,0
2820,0.029268509013232108,0,0
2821,0.029239997784462537,0,0
2822,0.029203777875253873,0,0
2823,0.029229941672730846,0,0
2824,0.029269461680059256,0,0
2825,0.029245021338056666,0,0
2826,0.029224114460818792,0,0
2827,0.029223098799537425,0,0
2828,0.029213200552727418,0,0
2829,0.029204329474098206,0,0
2830,0.02920199573603289,0,0
2831,0.029190971415214872,0,0
2832,0.029189003367182963,0,0
2833,0.029216794238080077,0,0
2834,0.029275992186435253,0,0
2835,0.02925437016971003,0,0
2836,0.029273769725378256,0,0
2837,0.029247746259413822,0,0
2838,0.029287587060999022,0,0
2839,0.02935061928238571,0,0
2840,0.02934084930350903,0,0
2841,0.029314832692653493,0,0
2842,0.0293144790511776,0,0
2843,0.029310414588314362,0,0
2844,0.03687147675219116,0,0
2845,0.036904188925735264,0,0
2846,0.036907912557710684,0,0
2847,0.03694133165211898,0,0
2848,0.03698644727959904,0,0
2849,0.036966820113698125,0,0
2850,0.03694137219214019,0,0
2851,0.03689301726778626,0,0
2852,0.0368780038342325,0,0
2853,0.03683239885553925,0,0
2854,0.03679603093675134,0,0
2855,0.036810316491027784,0,0
2856,0.036792500852373615,0,0
2857,0.03684746331094146,0,0
2858,0.03689950983035623,0,0
2859,0.03688123880873558,0,0
2860,0.0368660375830335,0,0
2861,0.03681877051980211,0,0
2862,0.0367985728249188,0,0
2863,0.0367763685241826,0,0
2864,0.036783796896407914,0,0
2865,0.03675018599361726,0,0
2866,0.0368098715391246,0,0
2867,0.036798098922202704,0,0
2868,0.03687334199889854,0,0
2869,0.03687439479780839,0,0
2870,0.03686419856242469,0,0
2871,0.03690191645934754,0,0
2872,0.03691969504617386,0,0
2873,0.036867924093116206,0,0
2874,0.03693206789131953,0,0
2875,0.03687763602541966,0,0
2876,0.03689355186924867,0,0
2877,0.03688233438600596,0,0
2878,0.03685081416398889,0,0
2879,0.03689750468264706,0,0
2880,0.03644285187827975,0,0
2881,0.036494849105752514,0,0
2882,0.0365214469862004,0,0
2883,0.036537713025947674,0,0
2884,0.036587455709666594,0,0
2885,0.03656097342896221,0,0
2886,0.03661468671949461,0,0
2887,0.03665372932080441,0,0
2888,0.0366831906150316,0,0
2889,0.03675061072439692,0,0
2890,0.03672959334001813,0,0
2891,0.03680565473558814,0,0
2892,0.036780000214153966,0,0
2893,0.03682357138593792,0,0
2894,0.03686818960639558,0,0
2895,0.03681959670687204,0,0
2896,0.036801463732877134,0,0
2897,0.03688325295536064,0,0
2898,0.03685866543226707,0,0
2899,0.0369278640470417,0,0
2900,0.03692340961969823,0,0
2901,0.03696004824576753,0,0
2902,0.0369229986699736,0,0
2903,0.03690905019679271,0,0
2904,0.036933436317601376,0,0
2905,0.03701430434969532,0,0
2906,0.03703385487230949,0,0
2907,0.037105458510729966,0,0
2908,0.037060196319682326,0,0
2909,0.037086125178551255,0,0
2910,0.03707002887995806,0,0
2911,0.0370764725111743,0,0
2912,0.03713398592202075,0,0
2913,0.03709599532188615,0,0
2914,0.037121569041450864,0,0
2915,0.05222833419731132,0,0
2916,0.05224762774041608,0,0
2917,0.05223408081516451,0,0
2918,0.052282952364450436,0,0
2919,0.052308781450430525,0,0
2920,0.05234527759904123,0,0
2921,0.052288900099864845,0,0
2922,0.05225167593156775,0,0
2923,0.05229931720022611,0,0
2924,0.05235468701853285,0,0
2925,0.05239625224692482,0,0
2926,0.05247170209205862,0,0
2927,0.05241461134549334,0,0
2928,0.052449776992102196,0,0
2929,0.0525274270523516,0,0
2930,0.05254842698848637,0,0
2931,0.05261740708940746,0,0
2932,0.05267035933426008,0,0
2933,0.05262593120083309,0,0
2934,0.052640437165509035,0,0
2935,0.05261704254210518,0,0
2936,0.052673458581571686,0,0
2937,0.05263235020652991,0,0
2938,0.0526586143598525,0,0
2939,0.05267834105875119,0,0
2940,0.05268772708540512,0,0
2941,0.05273683390316797,0,0
2942,0.052819634656541756,0,0
2943,0.05289457712000244,0,0
2944,0.052839058581430974,0,0
2945,0.052784215870670434,0,0
2946,0.05280466396763417,0,0
2947,0.05289260643848902,0,0
2948,0.05289813193464429,0,0
2949,0.05294857644439247,0,0
2950,0.05289778216896475,0,0
2951,0.05293826149186884,0,0
2952,0.05673244406462501,0,0
2953,0.056728210593041166,0,0
2954,0.056750325069987964,0,0
2955,0.056798258034272645,0,0
2956,0.05682897569138315,0,0
2957,0.05690414243839144,0,0
2958,0.056891632704425946,0,0
2959,0.05692553034976252,0,0
2960,0.0568945736955287,0,0
2961,0.056914064941953876,0,0
2962,0.05686993238009627,0,0
2963,0.056892902468291845,0,0
2964,0.056977112755898354,0,0
2965,0.05689958378092354,0,0
2966,0.05684982626991647,0,0
2967,0.05690516983042941,0,0
2968,0.05690752478319484,0,0
2969,0.05692283925005644,0,0
2970,0.05686120514294435,0,0
2971,0.05685157472424442,0,0
2972,0.056871800248501705,0,0
2973,0.0568834497069012,0,0
2974,0.05695715954250094,0,0
2975,0.05692834813829614,0,0
2976,0.05691271841143225,0,0
2977,0.0568578250591498,0,0
2978,0.05689225181356518,0,0
2979,0.056912065336297654,0,0
2980,0.056871169909984004,0,0
2981,0.05688470793139065,0,0
2982,0.056875460822661095,0,0
2983,0.056812278636431235,0,0
2984,0.056834215352599485,0,0
2985,0.056812195076957756,0,0
2986,0.05677432477143009,0,0
2987,0.0568015602804178,0,0
2988,0.04904144012684528,0,0
2989,0.04901187697421508,0,0
2990,0.048954531359811176,0,0
2991,0.0489872748001549,0,0
2992,0.04898044954353639,0,0
2993,0.04900683205168441,0,0
2994,0.04898243910262318,0,0
2995,0.04898464538769077,0,0
2996,0.04893660930005944,0,0
2997,0.04896834453722139,0,0
2998,0.04905867580725707,0,0
2999,0.04913057619871782,0,0
