x,n300_reference,n799_pre_drift1,n900_post_drift1,n1499_pre_drift2,n1600_post_drift2,n2199_pre_drift3,n2400_post_drift3_200,n2999_final
-4.0,0.031038607546307946,-0.10926626857497543,-0.14784751288249542,-0.12054609434596675,-0.0965321282181783,-0.05515837606760168,-0.013199066279397736,-0.05864375457748447
-3.9649122807017543,0.024145942322019297,-0.1045059198036145,-0.12046962965624694,-0.09788176599441595,-0.09811391556291225,-0.08631818370927115,-0.026847387438888454,-0.09591220682759422
-3.9298245614035086,0.015520127766212102,-0.08467937932404848,-0.07417503825716765,-0.05670265809560371,-0.08046342555766313,-0.09956347976820443,-0.041224333172285604,-0.10841798350834392
-3.8947368421052633,0.005672012336010751,-0.053324642286202574,-0.017539745340551742,-0.0047041335454574285,-0.0452741001451329,-0.08847311025435022,-0.049707552509331177,-0.09077058107487611
-3.8596491228070176,-0.004733695526372317,-0.015590732204790507,0.03933349154176606,0.048011564363379014,0.001508255892917365,-0.05287055409881842,-0.04600818470855259,-0.04642246091892413
-3.824561403508772,-0.014947161952068383,0.022581918358946445,0.08660718121701835,0.09090425687315386,0.050607282736058815,0.00043778973223928923,-0.02685199710333588,0.013124280295259583
-3.7894736842105265,-0.02421498386984383,0.055387910867895615,0.11642755450057349,0.11517266220547975,0.09131374927699232,0.0589277067197282,0.006055946197503076,0.0715597637002103
-3.754385964912281,-0.03186496350948578,0.07804235594650784,0.12426150376017579,0.11567399307882142,0.11395834376404843,0.10741300588956355,0.04561316911775526,0.11248124302972268
-3.719298245614035,-0.03738376688791353,0.0874855056469399,0.10961442874265862,0.09214472882617804,0.11236316878589953,0.13213297074924912,0.08081355713227954,0.12416797972309024
-3.6842105263157894,-0.04047763121329415,0.08279748269759486,0.07600561740381401,0.0494095793354472,0.08562735479427472,0.12475437443037996,0.09987628238667212,0.10299928214116232
-3.6491228070175437,-0.04110800266255628,0.06526267302829869,0.03021491705472872,-0.003522827848517082,0.03872579057168374,0.08511931120295263,0.0941230688504799,0.054519961138341566
-3.6140350877192984,-0.039496761335785995,0.03808165209220847,-0.019050928774795747,-0.05532891141796949,-0.018326246482559178,0.021858597426354293,0.061354569867058596,-0.008134128522483436
-3.5789473684210527,-0.0360992330364336,0.005786668898842847,-0.06281700505561455,-0.09482368970849023,-0.07262999283083954,-0.04944538788026717,0.007509837417248727,-0.06796119483763739
-3.543859649122807,-0.03154710259065083,-0.026535138762746442,-0.09350979770180859,-0.11346297827899664,-0.11141492532303161,-0.11017238763313597,-0.05415409707263927,-0.10886698709515658
-3.5087719298245617,-0.026567173891905688,-0.05407665290525995,-0.10632375740617901,-0.10732031739994127,-0.12518566691583152,-0.14365924811581438,-0.10636986696810619,-0.12010939445027169
-3.473684210526316,-0.02188520091125476,-0.07306292715879863,-0.10003082917130629,-0.07806095001895999,-0.11020637612375288,-0.13991409242145747,-0.13283313931067392,-0.09916779593107575
-3.43859649122807,-0.018126319663227308,-0.08129723082647289,-0.07708705492668586,-0.03265005386221892,-0.06965243558253947,-0.09869553468203622,-0.12339041514916844,-0.05227378462302381
-3.4035087719298245,-0.01572461870237979,-0.07841621456259612,-0.04302627542046743,0.018179571770624847,-0.013069530863845713,-0.030002450618792045,-0.07778571812978666,0.007478411295798699
-3.3684210526315788,-0.014853910267020987,-0.06582213559237879,-0.005268630583399464,0.062380048016082656,0.0457995036165989,0.048285646890805736,-0.006633533677896486,0.06384609353769634
-3.3333333333333335,-0.015389789145953986,-0.046317490259734834,0.02841560402936852,0.08940986662123565,0.09233495495975554,0.1150757550468727,0.07093040092678408,0.10189914974316962
-3.2982456140350878,-0.016909753299326077,-0.023519251168157597,0.0514803063376575,0.09276510118420464,0.1147049209393517,0.1518125211060116,0.1324460060318524,0.11198884249164688
-3.263157894736842,-0.018733838120687765,-0.0011669402088238731,0.059903306179986515,0.07160819713324296,0.10694945690461645,0.14773078203840762,0.1587538753902072,0.09217190503880245
-3.2280701754385968,-0.020003350211801975,0.017545578459014013,0.05295442856765748,0.031078889068089213,0.0706725297786519,0.10310748434649443,0.14007315367909626,0.04850142176764094
-3.192982456140351,-0.019790429730601036,0.03049309278926835,0.03328078661684678,-0.018823818352109105,0.014858751117124973,0.029525079061900023,0.07959569094651171,-0.006805856045272313
-3.1578947368421053,-0.017226902664421923,0.036906013771542054,0.006294895029216242,-0.06555798440018666,-0.046201942662846884,-0.0530261268516616,-0.006682463692227705,-0.058753536214604093
-3.1228070175438596,-0.011637745528167875,0.03737760800451815,-0.021008767977141518,-0.09702606974472619,-0.09641148572352548,-0.1214870193359507,-0.09406825612303704,-0.09354989828200597
-3.087719298245614,-0.0026629092815302347,0.03360234944832108,-0.041567359357469094,-0.10452849974399753,-0.12193106047690902,-0.1560759731578419,-0.15617198733014095,-0.10213430937147769
-3.0526315789473686,0.009648490407015403,0.02790794415983394,-0.04978385385203095,-0.08496781335655706,-0.11479378592503484,-0.14588249062820094,-0.1727970985876819,-0.08236141466316196
-3.017543859649123,0.02478544115829147,0.022682568115462973,-0.04276572810257842,-0.04175126622725475,-0.07512453653601214,-0.09211612179127929,-0.13633777036679118,-0.03934869025827811
-2.982456140350877,0.04177365560044327,0.019817683487458507,-0.021009226138826095,0.015857492347597146,-0.011360360131221353,-0.008044891244673821,-0.054652356918200376,0.01601641163953995
-2.947368421052632,0.059230111442033474,0.020281835815372955,0.011619585996742923,0.07481570519559738,0.061637792793120844,0.08442657343286655,0.050619680312070356,0.0699533453936483
-2.912280701754386,0.07547188172182898,0.023913017031934845,0.04861412646039359,0.12133548459881674,0.12615321280928835,0.16063998491265952,0.14996695763923326,0.10927556908240252
-2.8771929824561404,0.08867123838811879,0.029471879574254446,0.08212903985808447,0.14415971891223917,0.16599222324210652,0.19991788761989385,0.21449853217198753,0.12460644773862442
-2.8421052631578947,0.09704314946750663,0.03494413989467821,0.1045971418384711,0.13729265521832396,0.17057805052449365,0.19127673764774783,0.22452686404769112,0.11255500271997415
-2.807017543859649,0.09904664972412545,0.03802855203699707,0.11033527025293677,0.1015168374170228,0.13771510787080704,0.1365116122856652,0.17564316279064307,0.07637181545543478
-2.7719298245614037,0.09357873791491136,0.03670725887379787,0.09680870292062117,0.0443127771623314,0.07429947604569882,0.04977179346258198,0.08038115883682034,0.024990605540858662
-2.736842105263158,0.0801388537902675,0.029776256076008346,0.06528670234938858,-0.021819159484591615,-0.005236638292408509,-0.04627036481784136,-0.03513439772199153,-0.029253849706665395
-2.7017543859649122,0.05894379583019253,0.017219329715949236,0.0207400622543816,-0.08224669851374845,-0.08238433654904662,-0.1265945749714819,-0.13864128172937837,-0.07364376102445905
-2.666666666666667,0.030977074806126534,0.0003385213834765366,-0.02901764703801372,-0.12361755844528022,-0.1390699998450845,-0.17062734195683837,-0.20111530232341163,-0.09809737159303714
-2.6315789473684212,-0.0020371868653873554,-0.01839751182100418,-0.07478998228551874,-0.13697680547394492,-0.162091826891598,-0.16775992236600862,-0.20526945856938342,-0.0974810262822528
-2.5964912280701755,-0.037738185338276824,-0.03576824287700309,-0.10777839228191206,-0.11983839557215323,-0.14636282518583993,-0.12006123522970538,-0.15061185943423888,-0.072692977332694
-2.56140350877193,-0.07330441636690418,-0.04840458741213194,-0.12133254940817549,-0.07671180744108275,-0.0961387267405085,-0.041459419520214646,-0.05352248127137321,-0.030296205496372963
-2.526315789473684,-0.1056879962653382,-0.0534641104098347,-0.11231744489183422,-0.017960554652572902,-0.023918334591896018,0.04633033015392429,0.05768346939054339,0.019181447987375866
-2.491228070175439,-0.1318867719915022,-0.04924168242108762,-0.08181407193441541,0.042723668602597575,0.052704829314944135,0.1199382090225457,0.1512109697750708,0.06385431705023326
-2.456140350877193,-0.1492287046536023,-0.03558647942036927,-0.034998602884253494,0.09161039364169415,0.11543942166721684,0.16077466642990867,0.20119279100192836,0.09336178645695228
-2.4210526315789473,-0.15564052688829347,-0.01403013026934423,0.01979320027478987,0.11817930390908582,0.14982534392180538,0.15995615374501848,0.19520068030757884,0.10133674474134388
-2.385964912280702,-0.14987302877055447,0.012414593871558889,0.07264598394750249,0.11754086407341338,0.1487495373648312,0.12037651896473688,0.13760851452111583,0.08687102907526414
-2.3508771929824563,-0.1316585806493134,0.03976012718179504,0.11398635802014637,0.09145201264723779,0.11406864504672662,0.05542250639700792,0.04784556012830705,0.054629920991309616
-2.3157894736842106,-0.10178240554372571,0.06376831237980699,0.13646902547181722,0.04770288839415539,0.0559495568259558,-0.015198133164507991,-0.04584360415419498,0.013593659064136135
-2.280701754385965,-0.06205712803723849,0.08075749539243536,0.13645070218898242,-0.0019444993534432058,-0.009873075387287076,-0.07123533957723796,-0.11514312330238752,-0.025260239557346097
-2.245614035087719,-0.015199470743282852,0.08833492768299932,0.114750849521726,-0.044729497237602826,-0.06619126435183292,-0.09758075592741541,-0.14018519792944908,-0.051755161726935416
-2.210526315789474,0.0353822974980295,0.08590497062656746,0.07653573622423461,-0.07002515984111173,-0.09870113765706118,-0.08823963249711095,-0.11523624261332943,-0.05908888654467086
-2.175438596491228,0.08587243875998946,0.07484198278571977,0.030334953330919456,-0.07185218713724031,-0.09953743613300568,-0.04752488313352221,-0.049873882357027235,-0.04552564297267101
-2.1403508771929824,0.13237807992227085,0.05827900826514741,-0.013626856942076576,-0.05016798050356386,-0.06907522701271271,0.011747810799790898,0.034580370370971114,-0.014767725285657854
-2.105263157894737,0.17127537291242725,0.040538005234212034,-0.04546047259679307,-0.010645278237455563,-0.015573597044502951,0.07240456600722098,0.1121208420898899,0.025095013155094964
-2.0701754385964914,0.1995388465730193,0.02629997363948869,-0.05760476201354747,0.03695822945828145,0.04719525498271146,0.11808322660803683,0.16029597416881983,0.06378631680347477
-2.0350877192982457,0.21502234100530238,0.01966940821326912,-0.04638303346878687,0.08138478036251351,0.10366615010604427,0.13787144438054721,0.16700414188947588,0.09161287740370674
-2.0,0.2166641095890566,0.02331518396722396,-0.01280580266955933,0.11273196369223844,0.1405465685412812,0.12908304575908083,0.13375730144321174,0.10205711896445381
-1.9649122807017543,0.2045956459457743,0.03786261669003714,0.03755138868937656,0.12484576679018777,0.15015614100596986,0.09745581187251717,0.07450614672502187,0.09348541767422833
-1.929824561403509,0.18014286107039795,0.06166906482050255,0.09558427612586157,0.11665902726195448,0.13218475460080836,0.05485455458257169,0.01056318358564838,0.06949722688403519
-1.8947368421052633,0.14571849768971823,0.09104503029530539,0.15041698563627293,0.09217323306344077,0.09345286934187219,0.015303979693008639,-0.036607226537931525,0.03781291937002631
-1.8596491228070176,0.10461509673465486,0.12089708177280137,0.1915404066861027,0.0591426660728154,0.04579835715380527,-0.009364811977978872,-0.052333051685052964,0.008009093848197889
-1.8245614035087723,0.060717378637454446,0.1456843871173734,0.21091199832554544,0.026855976230837783,0.0027105594943597905,-0.012919939017227933,-0.033177143252334805,-0.011256640528992647
-1.7894736842105265,0.018160615236045514,0.1605139473115654,0.20459972313872968,0.0036336925274519094,-0.02434802143913964,0.003790916345744799,0.01247379610628175,-0.01473296811917267
-1.7543859649122808,-0.019033317996393802,0.16216464263001412,0.17363854071480167,-0.005285594806496222,-0.028931898205167242,0.03362497250273033,0.06772631455906455,-0.002048105595622171
-1.719298245614035,-0.04730850073061811,0.14983508517065564,0.123920581635093,0.0010766303627595952,-0.011125450429452732,0.06582198628206534,0.11317579076853787,0.022269700424106587
-1.6842105263157894,-0.06388368330185634,0.12545562782843767,0.06512991713903565,0.019474959744727086,0.0227898519500028,0.08964094470363221,0.13351157204991276,0.05023867995248579
-1.649122807017544,-0.06698907848718644,0.0934833734298734,0.008922175641423696,0.04363274085181423,0.062369501316762874,0.09777492449991904,0.12252611655434985,0.07291263310450383
-1.6140350877192984,-0.056010176342903666,0.060196533349737534,-0.033299662621245396,0.06622097118020229,0.09613362322052336,0.08849432452011037,0.08491821624247932,0.08316716365263352
-1.5789473684210527,-0.03152648473578279,0.03260261939836962,-0.0525795744966273,0.08104824374562306,0.11489242419956457,0.06591946921001068,0.03439286054107617,0.07793541091983175
-1.5438596491228074,0.004756922516956072,0.017154537996488882,-0.04414239617788733,0.08484305774016163,0.11433677225360989,0.03843850194779688,-0.011192610427538136,0.05920012073383116
-1.5087719298245617,0.0501771544491177,0.01851345958547328,-0.008325486088226253,0.07813677569580588,0.09618229185290395,0.01586527897050663,-0.03592334018358084,0.03342002579252128
-1.473684210526316,0.10136357633029741,0.03859736424359797,0.04947677535534396,0.06501569993973269,0.06756983095435498,0.006294637008586977,-0.031085559972154092,0.009547557235413468
-1.4385964912280702,0.1545459498402058,0.07610783679926802,0.11984641639934063,0.051831037892337506,0.03891627230568426,0.013655303854147004,0.002146924318722883,-0.003764250719436129
-1.4035087719298245,0.20589154430003043,0.126642432754214,0.1911511719704482,0.0452471835689887,0.02084079660871674,0.03668627270293719,0.05341913422508185,-0.0009041228808381457
-1.3684210526315792,0.25184013039709385,0.18339104752045576,0.251774526432325,0.050191712487997725,0.02104421414761129,0.06957383608192445,0.10694835943929928,0.01886640003106868
-1.3333333333333335,0.2894067283493274,0.23830260222769706,0.29232867951660174,0.06829520208296755,0.042024706364361106,0.1039501965823948,0.14696078351580194,0.0510818527558381
-1.2982456140350878,0.31642571493822513,0.28351470308292803,0.3074168398180729,0.09726970316656483,0.08027293649464973,0.1315442368930604,0.16291918678448283,0.08736713488214642
-1.2631578947368425,0.33171595651796376,0.31278251073127394,0.2966015794283075,0.13141077344212804,0.1271717379781838,0.14661503079746194,0.15277864606157576,0.11797117966312251
-1.2280701754385968,0.3351543800003586,0.3226359561863919,0.26439434666202816,0.16309289869206928,0.1713477337798065,0.14742619367949575,0.12323363774002266,0.13475645928693963
-1.192982456140351,0.32765403903220675,0.3130394861208759,0.2192759332792846,0.1848491086159197,0.20181728492005407,0.13637619039871654,0.08698128469617816,0.13370677246208001
-1.1578947368421053,0.31105144429059145,0.28741844571118186,0.17194977265639044,0.1914596763244426,0.2110489800466604,0.11885654214129958,0.05804972664218692,0.11615920531365624
-1.1228070175438596,0.28791590187910965,0.25203477537558205,0.13318103161794978,0.1814677110470633,0.19708941904863736,0.10131122467112014,0.04687597629096153,0.08836579134750677
-1.0877192982456143,0.2613001445897642,0.21481961947084477,0.11165447649929602,0.15769321098692984,0.16416015975135748,0.0891881587393075,0.056853272826897235,0.05952085982041918
-1.0526315789473686,0.23445611516123677,0.1838775689572132,0.11227730467301598,0.1265895739576675,0.12155785773255978,0.08544763248393045,0.08350438793576702,0.038881065652017315
-1.0175438596491229,0.21054204208508384,0.16594525008859795,0.13526126575706274,0.09660301148184611,0.08115870838597924,0.09004785677168553,0.11648311544219359,0.03289650229728015
-0.9824561403508776,0.1923468338658158,0.16510156507850623,0.17616024883333764,0.07596915075836445,0.054212522526680594,0.10046205822906373,0.14360246461775808,0.04326621287852147
-0.9473684210526319,0.18205542273365644,0.18198389018756514,0.2268471019196262,0.0705374649966888,0.048305627408213814,0.11292761013416214,0.15538815249418117,0.06652941709343264
-0.9122807017543861,0.1810743239593245,0.2136709051947918,0.27722551721773836,0.08221034834017202,0.065322986472202,0.12390699234695937,0.14850169565973753,0.09530262346667903
-0.8771929824561404,0.1899308067827072,0.2542655270375657,0.3173269905302802,0.10842067353039023,0.10096339613093322,0.13122096888286916,0.12681562680357997,0.12073722077416854
-0.8421052631578947,0.20825226589831833,0.29607473269707096,0.3393680987815086,0.1427938488545884,0.145934830134578,0.13448978069438527,0.09979134099221477,0.13537947886032892
-0.8070175438596494,0.23482525516133174,0.3311634487053102,0.339354137803807,0.17682307279855547,0.18849812548457248,0.13481272841133385,0.07879425725153262,0.13549557410509147
-0.7719298245614037,0.26772680822672107,0.3529810585854164,0.31790875339042296,0.20211541547391934,0.21766218331756393,0.13391514829747914,0.07272853578733637,0.12211730630081799
-0.736842105263158,0.3045146794787716,0.3577379096429782,0.2801662239887375,0.21261433980635983,0.22616169795970664,0.13318271841501056,0.08461735604329335,0.10050320248344705
-0.7017543859649127,0.34245845269283065,0.34525110473029164,0.23475159253914477,0.2062115284790541,0.21241425751394374,0.13301844632202836,0.11040773208525656,0.07824481029695274
-0.666666666666667,0.37879041968692956,0.31907721679016865,0.19205593931405962,0.1853244078147557,0.1809369463218696,0.13279752654936927,0.14046505769119683,0.06269660694908782
-0.6315789473684212,0.41095392016328536,0.28588647485237917,0.16215342284642034,0.15629056494094112,0.1411235642474617,0.13142605243989153,0.16323346792450044,0.05861753231905699
-0.5964912280701755,0.4368275025794951,0.2541825052639734,0.1527758955275907,0.12774196035551938,0.10472594112337615,0.12823893421637172,0.16972953361694224,0.06681303792862789
-0.5614035087719298,0.45490571628241966,0.23260477253649403,0.1677468433466479,0.1083871110573661,0.08272611167979435,0.12380849599694937,0.1572028090527865,0.08419649332470928
-0.5263157894736845,0.46442134875498914,0.2281408150525663,0.20618279297341655,0.10477856108544861,0.08243882390611063,0.1202460853249265,0.13056441354680148,0.10518015826463038
-0.4912280701754388,0.465399139371217,0.24460332948540459,0.26261667730022614,0.11963845597107808,0.10560803108974776,0.12076623338375714,0.10096741744164482,0.1238394338478138
-0.45614035087719307,0.45863700757714154,0.28168589888583306,0.3280151524859326,0.1511610889447363,0.1479817062954764,0.12857974778377673,0.08194816274929126,0.13603510784816034
-0.4210526315789478,0.44561714737360153,0.33480683471972367,0.3914870029095293,0.19345181844799114,0.20044647008873223,0.14547694879676962,0.08444244158813352,0.14071791006627601
-0.38596491228070207,0.42835545514804224,0.39580188545261213,0.4423469611473007,0.23796772222781418,0.2513889374976958,0.17063903063366453,0.11244774964037872,0.139961714041476
-0.35087719298245634,0.40920317714709364,0.45436132017545844,0.4721340063197631,0.27557496728471187,0.28963663485245195,0.20019714543305944,0.16093847158152075,0.1377577513520331
-0.3157894736842106,0.39061893267947,0.4999569783524829,0.47619716043232685,0.298695355450205,0.30719971082166986,0.2278375266345679,0.21689758714377116,0.13807350921614756
-0.2807017543859649,0.3749320135258662,0.5239000110355565,0.45455077885016354,0.30301318959384343,0.3011152680045807,0.24639447186739463,0.2632546796939803,0.14296179987926055
-0.24561403508771962,0.3641188121138319,0.5211319724519219,0.41184642352478207,0.28834797548355257,0.27395988955779815,0.25000318319446324,0.28448597968995737,0.15149089494347145
-0.2105263157894739,0.3596132597440964,0.491389987513816,0.3564800922777863,0.25852704317196834,0.23296459454218543,0.2361356619537043,0.272002336273759,0.15995679750456254
-0.17543859649122817,0.362169285682274,0.43949571389904674,0.2990178212905924,0.220350146190063,0.188035778509988,0.2068138824459517,0.22745623159986517,0.16334456582808635
-0.1403508771929829,0.3717887267129749,0.37467863951337077,0.2502477938853424,0.18195600114097724,0.1492551738584531,0.1685112884330447,0.16275334468609445,0.15750915301992857
-0.10526315789473717,0.38772217387150576,0.3090272803934956,0.2192299365740797,0.1510236237526592,0.12453257384295682,0.13065647561053723,0.09664621054858902,0.14123516603129832
-0.07017543859649145,0.4085434299576972,0.25533239295602544,0.21170428654636658,0.13324320585365135,0.11799781037878865,0.10311314484093931,0.04894954057943021,0.11733332293943374
-0.03508771929824572,0.432291168470186,0.2247112392437105,0.22914137891773564,0.1313808257427148,0.12947735885667055,0.09337258602871289,0.034249790064291886,0.09225186323774716
0.0,0.4566646935640464,0.22445605241978947,0.2685888945565921,0.1450775134841491,0.15508171271114007,0.10432989625749697,0.057192878534746486,0.07421683584773055
0.03508771929824572,0.4792550659923378,0.25652093652562447,0.3233154622510031,0.17132274669135017,0.18862658864581106,0.1333659963425887,0.1109400156700519,0.07047509745179821
0.07017543859649145,0.4977888836455484,0.3169529121715679,0.3841051206791634,0.2053823928465487,0.2234091609000729,0.1730624396597676,0.17933993548040736,0.08459051841527881
0.10526315789473628,0.5103601611068773,0.39640339999720575,0.4409423715203843,0.2418823910354308,0.2538115759452485,0.2133587110062853,0.24212441432267767,0.1147891184938976
0.140350877192982,0.5156263278683281,0.4816568624941583,0.484768039571564,0.275765875705469,0.2763125338879297,0.24449204696143684,0.2814138710158226,0.15403036118169153
0.17543859649122773,0.5129474159847168,0.5579207485205925,0.5089889581910536,0.30293715400590204,0.28971159818359915,0.2597970737491294,0.2873715892436297,0.1918994103802388
0.21052631578947345,0.5024528373897242,0.6114718879362385,0.5104859563249605,0.32054204936722175,0.2946354176413582,0.2574805424625852,0.26112717289424103,0.2177690907999943
0.24561403508771917,0.4850273097141632,0.6321781119337194,0.48996977191503804,0.3269619898485766,0.2926164099863689,0.240819255925608,0.2140121265219807,0.22420207009564141
0.2807017543859649,0.46221580714569893,0.6154259801855493,0.4516608523063806,0.3216764100167399,0.28514537067625695,0.21675043792363394,0.1634024353984156,0.20943295626602482
0.3157894736842106,0.4360560564739191,0.5630855071336744,0.4023913591664129,0.3051518025484763,0.2730692979343523,0.19335987599295223,0.12661817441376244,0.1780471357119265
0.35087719298245545,0.408855152521177,0.483313545924701,0.3503233686420042,0.27884998093124547,0.25654920756446276,0.1771415403034679,0.11499139627900315,0.13957366436753738
0.3859649122807012,0.38293343024258253,0.38920827212256404,0.3035303161570042,0.2453415427286951,0.23556475586210446,0.1709737882638811,0.13015006310863447,0.10542923920808461
0.4210526315789469,0.3603630172361951,0.2965392951395744,0.26869268693235465,0.2084068698792968,0.21073067152282274,0.1735018664299638,0.1637943269476082,0.08523539520939503
0.4561403508771926,0.34272992595895374,0.22095181010335332,0.25011731397223064,0.17295003086160463,0.1840501056869845,0.18011688287653177,0.20102317048910218,0.08376822007120904
0.49122807017543835,0.3309468443534777,0.1751460172867996,0.24921443252187767,0.14456921982517293,0.15922203317382666,0.18514751780153949,0.22602254110826955,0.0995945823906479
0.5263157894736841,0.3251389998448382,0.16654479267790886,0.26447524351218826,0.12872355662227433,0.14125171092324368,0.1844330087007579,0.22808359399040606,0.1258634798298987
0.5614035087719298,0.3246180088735627,0.19588006506454247,0.2919039374455531,0.12958443012404508,0.1353473221712336,0.17728685993113513,0.20577989156463428,0.1529571303837065
0.5964912280701755,0.32794921014034606,0.2569658331730809,0.3257881609033862,0.14881264686832646,0.14534972833640564,0.16705670873014317,0.1677543617797643,0.17203579279712589
0.6315789473684212,0.3331075991865241,0.33771251839161376,0.35965141475281825,0.18460556265351885,0.17214979597897473,0.15998049271898396,0.12974619290665113,0.1781788825891465
0.6666666666666661,0.33770727530952893,0.422212296265266,0.38722332812350657,0.2313664533424455,0.21262621108372884,0.16266830171629565,0.10882345061803878,0.17196230587007383
0.7017543859649118,0.3392804506263064,0.49352951285579394,0.4032855663177769,0.2802428161702891,0.25954956045179595,0.17908389373106015,0.11681609491345012,0.158880299351117
0.7368421052631575,0.335575622812853,0.5367003441739127,0.4042932905250656,0.3205767790619888,0.30265874402599624,0.2081598245474342,0.1553000418507156,0.1468224681545244
0.7719298245614032,0.3248413114429205,0.5414055907063805,0.3887228185888086,0.34205802303230254,0.3307845774090617,0.24304535204227432,0.2140244413371452,0.1425633743611942
0.807017543859649,0.30606229471989554,0.5038375236928389,0.3571439006428477,0.3371374311596715,0.33456603620298897,0.27247922680813474,0.2735377719943427,0.14863306919080543
0.8421052631578947,0.27911963574046483,0.42742571117843775,0.3120511226375345,0.303119788284794,0.3090762226609304,0.2840543018137936,0.311326951228516,0.16184545357584945
0.8771929824561404,0.24485359063933945,0.32229144352271993,0.2575091569582996,0.24335849261981993,0.25562380404066387,0.26843705014117586,0.3095250003311444,0.17417928342518663
0.9122807017543852,0.20501896345450216,0.20352833126163603,0.1986714815358343,0.1671398785175022,0.18215046530694584,0.22316956704272906,0.261604896580804,0.1758283160656017
0.947368421052631,0.16213449120012896,0.0886162793647707,0.14122627218850162,0.08814036059674472,0.10197694432043607,0.154684752293539,0.1756983230220805,0.15937616528493476
0.9824561403508767,0.11924006217864506,-0.005570699678564564,0.09081296103667405,0.021697295878844322,0.031077860053053977,0.07763836104750166,0.07321115502875049,0.12353149832744764
1.0175438596491224,0.079586574402425,-0.0656329981845345,0.052444760843505675,-0.0185380816996948,-0.015524872646990803,0.011478220306991138,-0.017070085160542613,0.0748956880783003
1.0526315789473681,0.046291706449943126,-0.08388689369998012,0.02997036917155428,-0.023791499474639946,-0.02738374153208814,-0.024918911026706944,-0.06767109789686071,0.026850622622278386
1.0877192982456139,0.02199973170871694,-0.05959230504945502,0.025612703988671853,0.0075931236845607625,-0.001336685875838295,-0.01900553305202643,-0.06121066076693119,-0.0043397531089378605
1.1228070175438596,0.008584080331748761,0.001035112991634557,0.03963087971278253,0.06946947569730075,0.05743270468623747,0.031076689397348277,0.003581211691797346,-0.005067913143804913
1.1578947368421053,0.006927446830476969,0.08601091615706986,0.07015806242184819,0.1490137082380657,0.13633366014442816,0.11502053681038392,0.11066493491106402,0.030302083967339924
1.192982456140351,0.01680618352931751,0.17973890879875976,0.11326589117191907,0.22946912634834798,0.2181504883137823,0.21243844637281525,0.2308797400199465,0.09630216283742182
1.2280701754385959,0.036894340269474135,0.26574155381231457,0.1632907546118419,0.2939056534757803,0.28503117139367706,0.29811244538045467,0.3303694233126624,0.17676515943940263
1.2631578947368416,0.0648892554186388,0.3294734274527018,0.21342664441201262,0.3291089194252746,0.32271226330836494,0.34899921283726865,0.38070809880701556,0.24898245549164083
1.2982456140350873,0.09774660058243899,0.360723515526195,0.2565463340274204,0.3286489849686659,0.32392123603395273,0.3509566928893202,0.3675860734535129,0.2905238630083875
1.333333333333333,0.13199986709453693,0.3551969039790856,0.2861644825555716,0.2943551114626516,0.29008349111334775,0.3031407561920081,0.29530815620297457,0.2866077014884566
1.3684210526315788,0.16412900738186573,0.31502254891885806,0.2974133576225451,0.23580379396626244,0.23088039587377643,0.21864218346184425,0.18563331811591408,0.23555052409999422
1.4035087719298245,0.1909365873243709,0.24813139149335456,0.28787552539107675,0.16792028665659536,0.16175156961555193,0.12102751542922253,0.07124797378151723,0.1503001107706971
1.4385964912280702,0.20988821278349545,0.16665128884955613,0.2581174884319989,0.10727402772212102,0.09996720112469024,0.037687960931423424,-0.014143711504036281,0.055250956971454254
1.473684210526315,0.21937746516830842,0.08463528114018617,0.2117987467403073,0.0679900741803171,0.060273135111993316,-0.008093969006084098,-0.046051003643039545,-0.020910193304762674
1.5087719298245608,0.21888382212056406,0.015547645299330205,0.1552906547264283,0.0583090639291837,0.05123028485730845,-0.004001787132422539,-0.01657084062398876,-0.05419223107587627
1.5438596491228065,0.20900417922084186,-0.030039778616186258,0.09682047868033355,0.07867300511974766,0.07319511942654723,0.047626703228161205,0.06338682183221026,-0.033240253335710554
1.5789473684210522,0.19135326999694507,-0.04614298714900124,0.045244239656372094,0.12182827573897004,0.1184618139879162,0.13045587609824202,0.1677027859875117,0.03646145490681497
1.614035087719298,0.16834381159161044,-0.03217933419232929,0.008630075887430146,0.17491730051072668,0.17351914249060768,0.21902725107694773,0.26333479057154174,0.13370461280294504
1.6491228070175437,0.14287174795850507,0.007205201081303847,-0.007114922830492705,0.2230107469162111,0.22281562031895935,0.28643458662714705,0.3206759274317128,0.22787217214585387
1.6842105263157894,0.11794376188825245,0.06321783926365361,0.0006699179592277171,0.2531497862635438,0.25302390596858515,0.31249889125984204,0.32273753819045864,0.28859445311385223
1.719298245614035,0.09629180912091438,0.12467264197806593,0.030811337678038855,0.2578263886647162,0.25665906493661617,0.28995305992310816,0.27029583502442667,0.2956902187894518
1.7543859649122808,0.08002178994918197,0.18006858729573066,0.07834568105481748,0.2369702632202937,0.23407415203608622,0.2267193675014324,0.18142594969385123,0.24611198317364996
1.7894736842105257,0.07034021466820557,0.21960290777005975,0.13521931921462269,0.1979011994810826,0.19328861488028215,0.14353604917359092,0.08561825014950028,0.15547939101186553
1.8245614035087714,0.06739410043480104,0.2367619813218414,0.19155283042018276,0.15324550470614107,0.1476872331469674,0.06760861524091613,0.014367651515973974,0.05349219476555671
1.859649122807017,0.07024626684659613,0.22922787537680098,0.2372678442601966,0.11736352130898423,0.11220511267332052,0.02419241439443761,-0.008786145273748325,-0.02547522520410468
1.8947368421052628,0.07699213729363936,0.1989782153186846,0.2638000447201373,0.10224557485255022,0.0990324318536624,0.02867259605509208,0.024352913517540625,-0.053645718005902884
1.9298245614035086,0.08500695573758851,0.15161239648471572,0.26559521033258626,0.11399394758261235,0.1140168739328791,0.0815853468442782,0.10410389684009046,-0.019301732980882887
1.9649122807017543,0.09129602640385368,0.0950784552759953,0.24111463923736837,0.15087104388776973,0.15476964057417536,0.16814891342239785,0.20597325203356237,0.06876050374763562
2.0,0.0929071509983028,0.03807619812767846,0.19315836732745262,0.20348981525009363,0.2110344737617296,0.26250642061094365,0.2983064051654712,0.18342500944670737
2.035087719298245,0.0873555543828577,-0.01154384993772892,0.12843523051155303,0.2571545361929134,0.26727408333186237,0.3354409015453919,0.3521031371908517,0.2875840970042864
2.0701754385964906,0.07300843504435102,-0.048085151445761934,0.056445967577599336,0.29577674247466096,0.3068246634162737,0.363248831300573,0.3499366952014268,0.34603744732846603
2.1052631578947363,0.049379380198276805,-0.06878842748010024,-0.012126777714964464,0.306348239137421,0.31652858722153665,0.33508411576532593,0.29124171791035314,0.33714206485667053
2.140350877192982,0.01729204824035549,-0.07398308864170458,-0.06723432641617948,0.2827720766583267,0.29059855967236886,0.2565286888256655,0.19240347305522193,0.2603686582050307
2.1754385964912277,-0.021113175602985444,-0.0666263470675956,-0.10115604884123912,0.22798768238739267,0.23264038573557982,0.148276223013181,0.08171016702291298,0.13716944366100364
2.2105263157894735,-0.06253794824488106,-0.051368723912631746,-0.10976515610621601,0.15374946598439976,0.15522580858208426,0.04028851564710728,-0.009195259915728005,0.00470219665568871
2.245614035087719,-0.10283907776154488,-0.033370293007562155,-0.09313912326333597,0.0780237944519529,0.0770436665771374,-0.036849143058830996,-0.05469472591562685,-0.09570433592914954
2.280701754385965,-0.1374660616329807,-0.017128693167203654,-0.05541060750986677,0.020601288446202105,0.01830150158951333,-0.06080327567247285,-0.04255226058425776,-0.1316904184326722
2.3157894736842106,-0.16197719375915692,-0.005562532164301845,-0.0038976844827083718,-0.001986418382752538,-0.004469156510324968,-0.02396227956204322,0.022907474372659185,-0.09036001931397193
2.3508771929824555,-0.17257724693734797,0.0004720118163794064,0.052312429000295674,0.01906290961208107,0.017138008567844712,0.06440480618323757,0.12261815987196088,0.0173267187956084
2.385964912280701,-0.16661485007549537,0.0021527385432406065,0.10405059610412676,0.0821549280274795,0.08088345897100394,0.1809075778775502,0.22886262121332032,0.1597739777431257
2.421052631578947,-0.1429797792173671,0.0021837813915511067,0.14370067328807343,0.17519278554749024,0.17400174474251362,0.29484781466837917,0.31364244748551845,0.2946224727736
2.4561403508771926,-0.1023494239921224,0.003941980315787769,0.16647414082513326,0.27814913889161985,0.27600796587507437,0.37702879831289066,0.35672449937317935,0.3821258420567581
2.4912280701754383,-0.047248835345028356,0.010480212880640383,0.17109152161015495,0.3677445384600379,0.36354516795199177,0.4079412992090832,0.35097484142559665,0.39771113027222116
2.526315789473684,0.018091550255279157,0.023616217282983826,0.1597574468056291,0.4231028761639915,0.41608869108331953,0.3829413313490799,0.30352581055339,0.33964412556931
2.56140350877193,0.08807428858266733,0.04331279470613994,0.13745686292106143,0.43097435263260486,0.42107954875778075,0.3129800218931212,0.23266004034168714,0.22930787347191245
2.5964912280701746,0.15624105254154066,0.06749008813746586,0.11073336689393716,0.3891916197992452,0.3771765618880143,0.22080300973299638,0.16160408952482336,0.10402065051415366
2.6315789473684204,0.21589849177612233,0.09231703249286931,0.08621051268302063,0.3074430314224941,0.29477113241384895,0.13388615697121087,0.11129927338264471,0.00477016834427902
2.666666666666666,0.26080088910353516,0.11292662622992247,0.06916347341898087,0.20510748593197708,0.19358751709437702,0.07630703990814708,0.09440734670503183,-0.03709087712856774
2.701754385964912,0.28581825524025944,0.12440938986754742,0.0624327363198385,0.10663361065230523,0.09792488060104731,0.06199475737436258,0.11228889781191426,-0.00981489379023743
2.7368421052631575,0.2875176709611894,0.12287948132046059,0.0658971484271018,0.03557508928888106,0.0306993696519184,0.09129851177392184,0.15566191073528754,0.07535287780040556
2.7719298245614032,0.2645927048846201,0.1063903122984636,0.07660599118933822,0.008752091562528059,0.00776089836152568,0.15174256765037056,0.20845746453028252,0.1884131377329687
2.807017543859649,0.218090007476191,0.07550442852169431,0.08953286572532204,0.03200120460378034,0.033907498326490315,0.22253690734110979,0.253422937953947,0.29097677986709214
2.8421052631578947,0.15140230314035164,0.033390024846719275,0.09878583243049613,0.09859994608561637,0.10160991317151176,0.28129458547799324,0.2775742658738834,0.34922123904692975
2.8771929824561404,0.07002090618159675,-0.01458993559444043,0.09901445256218884,0.19079728974347854,0.19279119170084127,0.3108066673983818,0.2757820021721208,0.34506881779968057
2.9122807017543852,-0.01893393598277298,-0.06172918303041633,0.08671404098050602,0.2841104553730607,0.283246490542685,0.30381126456466934,0.2514974736375352,0.2818557823707971
2.947368421052631,-0.10736279984597309,-0.10111530510992803,0.06114860503832441,0.35335326845042314,0.3486270869360014,0.2644135549062952,0.21462303042790415,0.18265655794850397
2.9824561403508767,-0.18695507487622948,-0.1268398241746485,0.02469219548901504,0.37891788141603705,0.37051569891994873,0.20592099006092385,0.17746577207747244,0.08193437623689574
3.0175438596491224,-0.2499996626889061,-0.135051970055014,-0.017492231378909567,0.35175287880336614,0.3410878496692481,0.1459906169045897,0.1502850374433799,0.013455056018327749
3.052631578947368,-0.2901568870819461,-0.12465512008728939,-0.0583811022681292,0.2757892875857144,0.265195494247362,0.10078535280891197,0.13798118870329026,-0.0013470271609312273
3.087719298245614,-0.30311254560989925,-0.09751209316211046,-0.09044486154297397,0.16718743156653876,0.15934048139497606,0.08006153175239913,0.13899011969344469,0.03945162093940339
3.1228070175438596,-0.28704571439708104,-0.058118574609345545,-0.10715889151884475,0.05055896206371083,0.0477704602140277,0.08470982049349345,0.14662876135227898,0.11798107972128849
3.1578947368421044,-0.24285981919653332,-0.012804824475278337,-0.10436572733065863,-0.04693369284096617,-0.04336079595332402,0.10739633358706546,0.15227005599508903,0.20323740383316596
3.19298245614035,-0.17414980803674357,0.03138499874312293,-0.08121012846710016,-0.10216948851568251,-0.09234832040883179,0.1358998145570054,0.14910546716391399,0.26231907671616933
3.228070175438596,-0.08690462513922302,0.06792618428533957,-0.04045138702882777,-0.10174360343604666,-0.08725627332323801,0.15786239588713283,0.13508159792981658,0.2722842420061515
3.2631578947368416,0.011029116180651641,0.09192963091845764,0.011920189042860626,-0.04533354459638167,-0.028904390092770002,0.16524928616692233,0.11392164021660756,0.22845138556919597
3.2982456140350873,0.11067208464267397,0.10093471357898504,0.06769787435306124,0.05407513625493086,0.06921045360847493,0.15697480242496253,0.09384168519674904,0.14619715145847798
3.333333333333333,0.20275627605375146,0.09523557560922832,0.11791394786974636,0.17317095635268925,0.1840430311999906,0.13883187225558136,0.0844023389100537,0.055568864047757335
3.3684210526315788,0.27860619527820796,0.0776872470504574,0.15445751907542862,0.28379319720561313,0.28842467066982647,0.12082281682407763,0.09261313231382526,-0.009452442509197412
3.4035087719298245,0.33097100250695605,0.05303723634917257,0.17154311755136276,0.3595842686880405,0.35747669137713217,0.11290380587887434,0.11970068310037704,-0.023302015842282798
3.43859649122807,0.3547258854765286,0.026918073657061163,0.1667467370893036,0.38221591059763577,0.3744714444582018,0.12071474766941782,0.15976079962685108,0.02155984949171693
3.473684210526315,0.3473735536273095,0.004699641772906993,0.1414102655001813,0.3456949990873064,0.33474111185413846,0.14288128303783199,0.2009004964715097,0.11124161115438728
3.5087719298245608,0.30929629746696485,-0.009574889111418274,0.10033863229828649,0.25772450659296875,0.24671260479146792,0.17093887507988095,0.22863942454649253,0.21456653047398425
3.5438596491228065,0.24373353002935627,-0.013963640251175538,0.05085208445980188,0.137810369928238,0.12984323214565252,0.19201836022876695,0.2305568634403572,0.2935060600618338
3.578947368421052,0.1564866504115581,-0.008962447454891116,0.00138142390371487,0.012589868137841326,0.009975646951870608,0.193452278485462,0.20070008579010093,0.3164153824352298
3.614035087719298,0.05537973253575175,0.002660102478434949,-0.04011793642480556,-0.09047958707320466,-0.08675819836939114,0.16774359308852319,0.14227306916213567,0.26953208433412434
3.6491228070175437,-0.05047171751404704,0.016494924805686983,-0.06762388141508253,-0.14955024576739856,-0.14002145614765424,0.11613279622941236,0.06761057699090546,0.16269212465902616
3.6842105263157894,-0.15151322093248615,0.027467167630291653,-0.07809594548525262,-0.15339997689454507,-0.1399043555053755,0.04939013004580508,-0.004733590013678318,0.027111972751210814
3.719298245614034,-0.2386428795743751,0.030961687819661105,-0.07191562775642352,-0.1038595630639684,-0.08902920495897688,-0.014665035149110814,-0.055048113580587185,-0.09424507118169057
3.75438596491228,-0.3040566229097167,0.02387705656421104,-0.052641956509462864,-0.015111933524547955,-0.0016713727224119401,-0.05633071167126699,-0.06823251810410348,-0.16065633384305608
3.7894736842105257,-0.3419668440250162,0.0053976046611270145,-0.026141856796487666,0.08992005589434007,0.09984421091298189,-0.06034517903392643,-0.03854794062771623,-0.1473680764068773
3.8245614035087714,-0.34912699452325224,-0.02267519047901779,0.0007213570298735261,0.1851881746939137,0.1905690691586596,-0.021352803183470607,0.028134091844837474,-0.05443498005503477
3.859649122807017,-0.3251140011682311,-0.056108431334803706,0.02157122478524556,0.2477633493147523,0.24886182946545704,0.053348587244514606,0.11537047385734862,0.0924140537977752
3.894736842105263,-0.272344102260998,-0.08891967159230456,0.0318702021757155,0.2632114701299547,0.2614112709958407,0.1448744837489191,0.20030399010653932,0.24936213623799458
3.9298245614035086,-0.19582349398578086,-0.11443943404083592,0.02986526799219788,0.2288366804310184,0.22618288507558298,0.22757149235083288,0.25984251573992956,0.36821516099992285
3.9649122807017543,-0.10266047768587358,-0.12656478084173794,0.016934329527170784,0.15406136133682957,0.15263613270741955,0.2763246109231979,0.2771383417304384,0.4118413267504946
4.0,-0.0013881523563275475,-0.12097446492690775,-0.0027382668535006482,0.05790940404890909,0.05921959694940804,0.2742331666140245,0.24651339844988027,0.36630986848040936
4.035087719298245,0.09883601896000083,-0.0960780587141126,-0.02309315959145883,-0.03574943455234437,-0.031205048849389447,0.21829923208885127,0.1753804711507193,0.24572253111647618
4.0701754385964914,0.18907680909809546,-0.05351498825999934,-0.037546922657037546,-0.10401669419086322,-0.096884519902686,0.12126003207656351,0.08253982709824764,0.08808286982913238
4.105263157894736,0.26143395807957265,0.0019030423404650249,-0.04048832898972507,-0.13043905024209534,-0.12231789710699975,0.008783875266322707,-0.00675061473013415,-0.056542147503612854
4.140350877192983,0.3097456290225895,0.06281495696162831,-0.028612840639976184,-0.10884640505645006,-0.10182046991975052,-0.08737507196403119,-0.06761584740526246,-0.14180322822579203
4.175438596491228,0.3301189086998847,0.12040665787045964,-0.0018160872864878518,-0.044679194646692524,-0.040706067269706804,-0.13841537585911434,-0.08244436560827784,-0.13974071529604626
4.210526315789473,0.321241218987802,0.16580344089949275,0.03654938339616937,0.04645480652091236,0.046133643402111735,-0.12712926010431014,-0.045903664552517195,-0.04965248769947964
4.245614035087719,0.28444805884175817,0.19152593931034761,0.08012650918119103,0.14259228370957416,0.13785785026921601,-0.05356318525399208,0.033317817449918116,0.10165869798793163
4.280701754385964,0.22354590226902202,0.19276207633485642,0.12064833555757029,0.2206436443250073,0.21261157560604702,0.064102972186958,0.1345615653794189,0.2682956981187115
4.315789473684211,0.1444120571966097,0.1682354357631254,0.14947942441819964,0.2617792307165918,0.25258474623773675,0.19391482302435273,0.23052715204051544,0.3996035145860648
4.3508771929824555,0.05441366448924187,0.12051651619089768,0.15931597541211948,0.25570911868907675,0.24801816418663325,0.29867437931379215,0.2944672914473642,0.4558398235123049
4.385964912280702,-0.03829608498132407,0.055716100828706566,0.14571805889772474,0.2028884726617271,0.1992596567846715,0.346322330777442,0.3073286812315448,0.42022721351948744
4.421052631578947,-0.12553640547761102,-0.017396546811042548,0.10817096685634434,0.11419487523069974,0.11645487600649507,0.3192413579949861,0.2629277641853016,0.3036684963714804
4.456140350877192,-0.19984056092186822,-0.08871151574853729,0.05045466375165179,0.008228893581490041,0.017019464487173588,0.21977916755542962,0.16977514282033218,0.14080739043054635
4.491228070175438,-0.2551126366104875,-0.14831999183466157,-0.019774203244121193,-0.09306163027604616,-0.07845211517183974,0.07030827136514649,0.04905578070744357,-0.02111322764959022
4.526315789473683,-0.28714107578961856,-0.1880305584020992,-0.09213747841512374,-0.16936736755247,-0.15084825278824077,-0.09233425734606106,-0.07070845945104173,-0.13690602101154037
4.56140350877193,-0.2939255037074643,-0.2026152550647497,-0.1552386368941377,-0.20644483785434628,-0.18668587813382714,-0.22658362688406464,-0.16091489648566498,-0.17692030316015356
4.596491228070175,-0.2757918810050186,-0.1905858466825089,-0.1986185831666436,-0.19899226184627966,-0.18081659738908906,-0.2974042987830256,-0.20015970690274776,-0.1351929260638978
4.631578947368421,-0.2352913369695592,-0.15437872337936415,-0.2146156590812115,-0.15138218397421596,-0.1371409463269941,-0.2859389189285557,-0.1796528309012268,-0.029951852609034615
4.666666666666666,-0.17689817706943836,-0.09992415298557339,-0.19979156631576866,-0.07618248082619458,-0.06726249757770161,-0.1948341639697726,-0.10538049171223919,0.10333200685792154
4.701754385964911,-0.10654066336848059,-0.035675796230650154,-0.15565707765444542,0.009085837762576321,0.012507806049157993,-0.04771621553416128,0.003515555003381774,0.22379836619044188
4.7368421052631575,-0.031012609233579277,0.028737197134536988,-0.08855290829588998,0.0861173336576098,0.08502566763470175,0.11708234570672506,0.11968892351600505,0.29797517387720696
4.771929824561402,0.042676613620950696,0.08401465227239935,-0.008690185106570915,0.1399071868067127,0.1361305871197353,0.2568332149242085,0.2145629848366206,0.309407420305972
4.807017543859649,0.10795211468568391,0.12260404924544024,0.07149525053040082,0.16181530657170362,0.1575340308485842,0.3359170287755132,0.2655181257589433,0.2622890122915797
4.842105263157894,0.15926388053284302,0.1398095009909846,0.13939696248040231,0.1509628641925317,0.14817108517773894,0.33534398127384607,0.2614516100487643,0.1783333123123772
4.87719298245614,0.19256511791074776,0.134421630417122,0.18434779647319233,0.11374358077755095,0.11380202845377457,0.2576702878628979,0.2053144289075457,0.08834066552369446
4.912280701754385,0.2056379937167823,0.10877985720966096,0.19942006607725954,0.06169041252895488,0.0650739633613292,0.1259814902225444,0.11302641247577667,0.021548341863764482
4.947368421052632,0.19824141362412992,0.06827206783324086,0.18260236118716028,0.008314729372690347,0.014603845132518695,-0.022728639393859038,0.00910951625827347,-0.003625399973088597
4.982456140350877,0.17207250111978384,0.020367083289880926,0.13714646482972515,-0.034256797028444946,-0.0261573801022675,-0.14789886915540848,-0.07978370526934789,0.015476642217238781
5.0175438596491215,0.13055066894909867,-0.026651934780319797,0.07102148111892825,-0.05802455689642029,-0.04951429207521686,-0.21655888688906033,-0.13174724097986248,0.0664252233480292
5.052631578947368,0.07844903887866417,-0.06504139767099068,-0.004433023753345838,-0.06061623310446239,-0.05298414938873968,-0.21220609254367995,-0.13512740496860737,0.12734459108525142
5.087719298245613,0.021411070579928287,-0.08881864032167112,-0.07642448984213945,-0.04526588852022154,-0.0393473044654486,-0.1389726705565136,-0.09126081234641345,0.17524789207563035
5.12280701754386,-0.03460048278892479,-0.09465851076142641,-0.13286682590677973,-0.019385563485637438,-0.01537853991941357,-0.019997099587216086,-0.01378336304253273,0.19404214027650776
5.157894736842104,-0.08387046487091296,-0.08233101266494135,-0.16441232580888782,0.007812795716961835,0.010331309368830616,0.10945592833148654,0.07525414101487238,0.17949278685032738
5.192982456140351,-0.12146232324629468,-0.05462387434574635,-0.1660096994735189,0.027974291585429203,0.029849768697527812,0.21212598546172473,0.1514022934558762,0.1396606869879868
5.228070175438596,-0.1436662297097685,-0.016778779176317843,-0.13772476507042136,0.035831395766422816,0.03801777591039143,0.259257965112928,0.1943572165140538,0.09098668400444385
5.2631578947368425,-0.14832607328887293,0.024452295207445893,-0.08468812536837136,0.030446809106804484,0.033674418544477815,0.2385322658636725,0.19330689854911703,0.05170501485831099
5.298245614035087,-0.13501896080126877,0.06196598439967603,-0.016184370321913406,0.01518889096474211,0.0197135347218829,0.1572441205430866,0.1496823783277686,0.03510172746544435
5.333333333333332,-0.10507468100441586,0.08948718514308177,0.05595608994004213,-0.0034987963862178895,0.002008294886860884,0.039912138036803595,0.07660725377188227,0.04503973716731954
5.368421052631579,-0.06143706451805806,0.10257736958127948,0.1193837284770262,-0.018158171907692457,-0.01246606713447896,-0.07893398179500025,-0.004788204751930196,0.07522504880020968
5.403508771929824,-0.008383006298826837,0.09931283402636959,0.16332732072326964,-0.0226236971763902,-0.017780342536948116,-0.16469842104037835,-0.07119472994153891,0.11226195951953995
5.43859649122807,0.04887307626767112,0.080532078901409,0.18040529529597235,-0.01393953899761216,-0.010879677622683256,-0.1925723475518683,-0.10353382995992706,0.14116628317054727
5.473684210526315,0.1046523762654141,0.04962395465353901,0.16784613499591455,0.0066364208938254066,0.007404861114785513,-0.15453232362160427,-0.09223350212148002,0.15116621434767116
5.508771929824562,0.15331974572886753,0.01190307757658806,0.12791613799641713,0.03381838688701329,0.032438339131626456,-0.06155198977773632,-0.03994923287099958,0.1396033295719477
5.5438596491228065,0.1897821403652945,-0.026315751800572496,0.06748913903330915,0.059629338194443354,0.05694523607305345,0.059547677550992203,0.03901817355688641,0.1125316596908649
5.578947368421051,0.20993496675573148,-0.05878693695214207,-0.003161374713098584,0.07554581083375575,0.07295697595629816,0.17368514052010486,0.12248165868485864,0.08189321389353527
5.614035087719298,0.21101941185113596,-0.08037104002186847,-0.07213675248551446,0.074892445845151,0.07403836779711317,0.2473944904779552,0.18632885380995773,0.0604447188357501
5.649122807017543,0.1918623452497964,-0.08787263470632985,-0.12794981603934696,0.054854586273499824,0.0572074743008963,0.2582303129332087,0.21111100770952582,0.05644675793493707
5.684210526315789,0.15298099848210353,-0.08054817752045718,-0.16147806049076002,0.017564084151368193,0.024031407068095544,0.2010974500286459,0.18749756739683554,0.07020079477680755
5.719298245614034,0.09654636722560583,-0.06020854977035585,-0.16750520600746782,-0.030060899294818998,-0.019419977381581473,0.08977394430901481,0.11911069042272232,0.09380970794743212
5.754385964912281,0.026211125563616162,-0.030906831979823086,-0.1455949865845512,-0.07773245816980644,-0.06379833600049872,-0.0467679800161824,0.02192856823006236,0.11430710130040028
5.789473684210526,-0.05318120242891603,0.001732516358396866,-0.1001550370472496,-0.11415984762364285,-0.09861896923413879,-0.17221034379575773,-0.07965366086910172,0.11900294436352471
5.8245614035087705,-0.1359798686830641,0.03143184306907444,-0.039684973465849344,-0.1298142902888904,-0.1148233690943983,-0.2527472092631945,-0.1591258385834707,0.10100755828503871
5.859649122807017,-0.21617061968353776,0.05227837397439621,0.024661706026553484,-0.11942342315213228,-0.10714431284466959,-0.26626651338035895,-0.19490163718532844,0.06275619906520062
5.894736842105262,-0.28784293276427086,0.05968226371295903,0.08095986088526021,-0.08357127752636834,-0.07568271198044099,-0.208379782297464,-0.17624087219890516,0.016029510398309917
5.9298245614035086,-0.3456434077400625,0.05112728224782195,0.11852592591607307,-0.0289750847472234,-0.026275531165158055,-0.0936977096960078,-0.10645965776480731,-0.021775359628440336
5.964912280701753,-0.3851801774674043,0.026601587433407313,0.12973012425875705,0.03268777586889931,0.030491183448302567,0.047959039957131674,-0.002515752765216629,-0.033964886283787604
6.0,-0.403348131008316,-0.011352999847691891,0.11131138300297613,0.08719064256103583,0.08145407414838328,0.17937048342304276,0.1090084961969657,-0.011260621291647427
6.035087719298245,-0.39855186495948847,-0.05797597290047866,0.06498210623168364,0.12089758931167288,0.1137749712422701,0.2656529045211319,0.1985578631810387,0.04358829545803474
6.0701754385964914,-0.370811929861948,-0.10695261706056043,-0.002773231106338779,0.1239388228041086,0.1179346435095756,0.2833445870300957,0.24121505576877283,0.11518587654495942
6.105263157894736,-0.321749368760486,-0.15130566948511043,-0.08167103858110983,0.09269806639698185,0.09013571663623862,0.22647759056619834,0.2233135878108089,0.17944897605537216
6.140350877192981,-0.2544529801547298,-0.18438097806565884,-0.15921527428440538,0.03102300132048199,0.03354472601778048,0.1080990368283507,0.14631979316731256,0.21113972631485495
6.175438596491228,-0.17324244394456223,-0.20078378031390692,-0.22264384879264418,-0.05016028223965257,-0.04195326937536207,-0.043083610059005975,0.026928669199633583,0.19263252003159276
6.210526315789473,-0.08334778859222984,-0.1971333902746324,-0.2609265738668227,-0.13480184551489321,-0.12149227063791684,-0.18999220814887482,-0.106721910735775,0.12097843193589408
6.245614035087719,0.009468846665919586,-0.1725340876480364,-0.26650189492144316,-0.20487875836093902,-0.1881306173652354,-0.29647185041695534,-0.22181847478951772,0.010703729998471617
6.280701754385964,0.09931991501148005,-0.12870363816818475,-0.23648439568177015,-0.24410052274595748,-0.22633562939397056,-0.3361948493272895,-0.28894697758607063,-0.10895641060307149
6.315789473684211,0.18059743461802003,-0.06975115534720283,-0.17316096492677188,-0.24139450287408978,-0.22531953772323698,-0.2989465611255294,-0.2894518696288659,-0.20191756886308979
6.3508771929824555,0.24834736065823212,-0.001645318674889422,-0.08370611709692836,-0.19342967447698234,-0.1815144978304537,-0.1927957584993798,-0.22022174863753477,-0.23601891375784856
6.385964912280702,0.29858787776124496,0.06854480154451853,0.020831998555336663,-0.10562892612495807,-0.0996435493998427,-0.04173937095904255,-0.09468553028304852,-0.1934481130350333
6.421052631578947,0.3285512285583042,0.13352643753354734,0.12711294623179858,0.008569907693793226,0.007868963481236939,0.12043821662302344,0.06024452669197123,-0.07748273838278129
6.456140350877192,0.33683502408488897,0.18665669667573653,0.2214078023547845,0.13008225858078193,0.12306065691987764,0.258434643776996,0.21052772792826369,0.08679325844885478
6.491228070175438,0.32345601479341723,0.22269908283742457,0.2915370633665154,0.23771521078952296,0.22575398351348844,0.3437125465734786,0.32306831564075533,0.2583582914879879
6.526315789473683,0.28980648403555487,0.23837124883429234,0.3285559426079371,0.31217543470635023,0.29738255285308224,0.36077590617014843,0.37350796401372843,0.3912411363355105
6.56140350877193,0.23852022910544043,0.2326258780678848,0.32794540003699946,0.3397497150812062,0.32455826319574965,0.3100177296570952,0.3518267802183451,0.44752404481140384
6.596491228070175,0.173261049116008,0.2066461076085061,0.2901474942103974,0.31492864695207956,0.30166728775764107,0.20664063354013393,0.26441192403685937,0.40853108078082717
6.631578947368421,0.09845138647668233,0.16357630914796814,0.2203856894188635,0.2414595993342479,0.2319791570647381,0.07614949455504913,0.13215267935039432,0.28080586893226395
6.666666666666666,0.018962005086260822,0.10804273988444946,0.12781834378764126,0.13163228526808002,0.12705310028734532,-0.05227000118537924,-0.014883390622438944,0.09496588019871849
6.701754385964911,-0.06021480617747088,0.04554217063275026,0.024170247501377314,0.00395281655124243,0.004566741494895513,-0.15273702081476098,-0.144801800207061,-0.10238646872042172
6.7368421052631575,-0.13428605504780083,-0.018212526522296754,-0.07794142997771095,-0.12032230624920959,-0.11499597664356348,-0.20830555242337162,-0.23140075118919284,-0.26144452361182097
6.771929824561402,-0.19895202166566023,-0.0779032760740038,-0.16673391211340946,-0.22110525932322259,-0.21214106320700907,-0.21397772795860093,-0.26001187194483066,-0.3430004058835473
6.807017543859649,-0.2506554295111129,-0.12910195642006458,-0.2327880189614182,-0.28308756750029174,-0.2719035497879281,-0.17658291593163097,-0.23029242862230864,-0.32927031769643444
6.842105263157894,-0.28677181070176316,-0.16860078288111388,-0.27016921900014723,-0.29835898976804104,-0.28645243209376825,-0.11182461708178568,-0.1554081586010735,-0.228603547263038
6.87719298245614,-0.30573172969942464,-0.19455682810762182,-0.2769992614793253,-0.2675620201391971,-0.25628202149527946,-0.039479090253813666,-0.05797012550789379,-0.07273218734965757
6.912280701754385,-0.3070705354777584,-0.20645779507966966,-0.25542438432783116,-0.1994070688520997,-0.18979793322037997,0.02189029805367404,0.036111121619707746,0.09259166564689045
6.94736842105263,-0.2914062965186005,-0.20494043609437626,-0.21101743661076408,-0.10869612244626989,-0.1014240177790488,0.059335787268273155,0.1042161051812832,0.2207970683579615
6.982456140350877,-0.26035120042216586,-0.19151009510788713,-0.15173281022279955,-0.013285800516049943,-0.008640805166292882,0.0680238538019331,0.13237489104508154,0.277667486685809
7.0175438596491215,-0.21636568418671892,-0.16821781047935241,-0.08659306700699915,0.06939021858496688,0.07143898146426542,0.051387968278261205,0.11810807159091899,0.2506799544518643
7.052631578947368,-0.16256768106437414,-0.13734985391392274,-0.02431657476895735,0.12555813946903366,0.12528238426239338,0.019138191049173456,0.07016944013345736,0.15188425120963478
7.087719298245613,-0.10251147914784593,-0.10117458700513823,0.027906863141186858,0.1474926214802235,0.14532500566976275,-0.016132776411315913,0.005432947844471556,0.013630467246563763
7.12280701754386,-0.039951718389012375,-0.06177539222512374,0.06531861087304508,0.134637717542074,0.13110803561506237,-0.042709968130128756,-0.05610959316006488,-0.12144402959187969
7.157894736842104,0.021391983271466193,-0.020979263997727288,0.08605593259119142,0.09330267424577823,0.08899400627182982,-0.05284689843301896,-0.09683362877026797,-0.2131116097476592
7.192982456140351,0.07805530724817994,0.019628232767314097,0.09113508759155108,0.035055909533477585,0.030574073760681303,-0.04442626042792202,-0.10599045549953423,-0.23516761294471072
7.228070175438596,0.12702181895928638,0.058626448646186734,0.08398448257354471,-0.025815096579305342,-0.029871168808556982,-0.020885498957294683,-0.08211171452377995,-0.18260507612587634
7.263157894736841,0.16587779894443871,0.09465621580243157,0.06962668370503579,-0.07524797352625731,-0.0783266897857927,0.010398514463293738,-0.032795181313394726,-0.0723853030645476
7.298245614035087,0.19292224657308343,0.12632696784670297,0.053657140919864385,-0.10217099119511897,-0.10382465050286727,0.04066582335021814,0.027922291135292,0.062230383142752095
7.333333333333332,0.20722819654540242,0.15216763685398757,0.04119190128725548,-0.1005689620076109,-0.10052175411842193,0.06246155798295375,0.08376625239715352,0.1819331996454454
7.368421052631579,0.20865470891729804,0.17064425019303225,0.03595378962069773,-0.07048697074887245,-0.06869990823913301,0.07167644185030962,0.12078198070672234,0.25305804794191583
7.403508771929824,0.19781191762465358,0.18025275965354548,0.0396380872239171,-0.017829114837338816,-0.014541189274236477,0.0684039464103298,0.13099237468406721,0.2572383819354766
7.43859649122807,0.17598417726840743,0.1796796951732048,0.051649966163831273,0.046954913024357156,0.05122997496417141,0.05645496712897076,0.11420385162617777,0.19625251359313148
7.473684210526315,0.1450184982040093,0.16800844794295594,0.06924495029038971,0.11099689774292064,0.11553170348370766,0.04176781678251093,0.07755519302824197,0.09078635504808083
7.508771929824562,0.10718701407434696,0.1449377986849942,0.08804005890346922,0.16151416778254088,0.16548692197918202,0.03025744447301614,0.03303974074365992,-0.026334790724100422
7.5438596491228065,0.06503313741308905,0.11097354252251757,0.10280662431950136,0.18820575177990945,0.19086226112175608,0.025783127735626868,-0.006220130584551745,-0.12028249238005537
7.578947368421051,0.021211325430685334,0.06755467268789697,0.1084142338009671,0.1851012999174141,0.18592985379825916,0.02884959589631421,-0.029851296359984188,-0.16464043330871125
7.614035087719298,-0.021669962753674513,0.017082530174680102,0.1007744642794752,0.15154862393697435,0.1504290543423446,0.03641994941539506,-0.033160500848102445,-0.14901851731136403
7.649122807017543,-0.06119341277300854,-0.037166394273530565,0.07763544157945726,0.09220205044899563,0.08949008970571684,0.042883068084381346,-0.018313899048555186,-0.08169827129265864
7.684210526315789,-0.09525871547168596,-0.09124749250687983,0.03910269526427955,0.01606497977529006,0.012582573778368258,0.041880531452563485,0.006527981315003033,0.013337297961247652
7.719298245614034,-0.12218338819754054,-0.1408613132236795,-0.012195929571975989,-0.06519061835646023,-0.06827043416672361,0.028452020541231818,0.02983506833853106,0.10397114927790382
7.754385964912281,-0.14077463947474178,-0.18174361729453742,-0.07133004509171526,-0.139287670618224,-0.14064989034094266,0.0008688090727754158,0.04032003330657396,0.15977995919760424
7.789473684210526,-0.15037026902009765,-0.21009037226081312,-0.1316432295537481,-0.1954031726915419,-0.19385977648033254,-0.0383874492981095,0.0304995652824874,0.16118613631921827
7.8245614035087705,-0.15084846121573792,-0.22296872537320278,-0.1856066308972992,-0.22586265520451632,-0.2206300082187479,-0.08280704089954802,-0.000810677247695582,0.10527011805819086
7.859649122807017,-0.14260804954713507,-0.21866417572521857,-0.22583053085552893,-0.22720001559311778,-0.21812600944482097,-0.12318406060029195,-0.047781743013530706,0.006615581297507878
7.894736842105262,-0.12652231719080323,-0.19691982084326745,-0.2460926863173974,-0.20044545647058604,-0.18813277509993254,-0.14977372139429618,-0.09885899784438189,-0.1069628286854521
7.9298245614035086,-0.10387059163721513,-0.15903498634264637,-0.24224029229680946,-0.1506514435343174,-0.1364405871502666,-0.1547269278576233,-0.13972360655732063,-0.2024822287674256
7.964912280701753,-0.07625274894273516,-0.10780630708023572,-0.21284027762415592,-0.08580008077219542,-0.07160223436982531,-0.13417581905718357,-0.15714231784172525,-0.25126415048990425
8.0,-0.045492249081726006,-0.04731241529985279,-0.15948739160065273,-0.015331736747691328,-0.0033320474917651246,-0.08942957812311361,-0.14267555619651176,-0.23709427845139225
8.035087719298245,-0.013533482814123421,0.01743846696418815,-0.0867260035604767,0.051420389193210535,0.05914038319194802,-0.026963902614721202,-0.09524519645548607,-0.16078864989576874
8.07017543859649,0.01766095346055571,0.08096278295855253,-0.001593141698862927,0.10661550645172542,0.10846779955243238,0.04281004897863726,-0.021859435498050285,-0.039959375982349464
8.105263157894736,0.046207885471177185,0.13781066776711576,0.08715999820772596,0.14489485662215612,0.14011200863279152,0.10770917942587428,0.06372768999737881,0.09584828026209295
8.140350877192981,0.0703916008079309,0.18307635034588826,0.17006958064643707,0.16385225110280704,0.15268455076551044,0.15636049332571175,0.1441078989262052,0.21319142501512917
8.175438596491228,0.08873866136378084,0.21285640260055805,0.23805757006094438,0.1639670709169806,0.14770503977156912,0.1805927481841943,0.20229418704378743,0.28364852811952335
8.210526315789473,0.10007681096895304,0.2246082759601162,0.2834901681060328,0.14807873169465757,0.1288882678539286,0.1770848400279491,0.22576024401221037,0.2911655698646681
8.24561403508772,0.1035763110055687,0.21737282019229034,0.3010662791430953,0.12055424229302203,0.1011475039583467,0.14790686051879456,0.2094337758573472,0.23589076249788155
8.280701754385964,0.09877303781820276,0.19183959849123167,0.2884292754890133,0.0863373228467281,0.06953485112747837,0.0998609258985004,0.15690078278691738,0.1335892029982146
8.31578947368421,0.08557361636970111,0.15025096600491875,0.24643139145554316,0.050065426369594386,0.038327428396124796,0.04281355973770583,0.07953029751692231,0.010963985903136568
8.350877192982455,0.06424370247978495,0.09615805896346794,0.17902397122335034,0.01540440918375792,0.01041688149327126,-0.012559845992023644,-0.006250589729285112,-0.10169823639560197
8.3859649122807,0.035381228861417854,0.034057110577594155,0.09279275991646224,-0.01530992520161116,-0.012917265733751765,-0.05707813215197581,-0.08284592647562106,-0.1784834384367367
8.421052631578947,-0.00012302355812163213,-0.031053776028859767,-0.0038003307017374782,-0.04110458667167376,-0.03185531829072277,-0.0848779890883268,-0.13558129090483284,-0.2042713267874332
8.456140350877192,-0.04113478888454461,-0.09415027994680578,-0.10137410877191519,-0.06212341262117497,-0.04758738719033044,-0.0943684243441773,-0.1559991401081524,-0.1780007683905208
8.491228070175438,-0.08633266395695398,-0.1506411463266328,-0.19066788939494342,-0.07919825639914091,-0.06169977025056969,-0.08814927491512857,-0.14357729167586686,-0.11208349730460174
8.526315789473683,-0.134268441389503,-0.19676590671569416,-0.26354215882033905,-0.09335772438669904,-0.07555286632387237,-0.07197799164589933,-0.10549202496597705,-0.02833062978525528
8.56140350877193,-0.18342852576820212,-0.22989408558276306,-0.3138265868095599,-0.10539155507319063,-0.08979326325809052,-0.053086934733824975,-0.054535010026592265,0.04834011589818442
8.596491228070175,-0.2322937529678549,-0.2487007218826306,-0.33792347173911236,-0.11556290285711489,-0.10410184103746986,-0.038288273614183174,-0.00574256381454423,0.09663545517649078
8.631578947368421,-0.27939525536228477,-0.2532069017951965,-0.33510628020948136,-0.12351886553110314,-0.11722100488505333,-0.03232768634376701,0.027403483524115868,0.10426522163634434
8.666666666666666,-0.3233644124792694,-0.24468835574669698,-0.3074902858373291,-0.1284014615980162,-0.12724066552605606,-0.03686174275737611,0.036262070475601565,0.07064291844543331
8.701754385964911,-0.3629753702365944,-0.2254684561518636,-0.25969074571198136,-0.12911709434662177,-0.13206746012945259,-0.05026376919860709,0.019016246817704793,0.006367289947518784
8.736842105263158,-0.39717907609597214,-0.19862280535863877,-0.19821901543262965,-0.12469079941919263,-0.1299655134230052,-0.06825420058367838,-0.019095820999471227,-0.07018012950446081
8.771929824561402,-0.42512823827744883,-0.1676300133091571,-0.13069458447394144,-0.11461753669774824,-0.12004585822128892,-0.08515560656389931,-0.0673102658246948,-0.13805725654314477
8.807017543859649,-0.44619305369082746,-0.1360066523026665,-0.06496838187914511,-0.09912780761638124,-0.10259620508958535,-0.09543531819798634,-0.11220443230998706,-0.17933799073131856
8.842105263157894,-0.4599679443223347,-0.10696363167034786,-0.008258377166031665,-0.07930647181798342,-0.0791786880744979,-0.09514889551223447,-0.14116266601715413,-0.18358566967599885
8.87719298245614,-0.46626988244403533,-0.08311669759798712,0.03360755497602883,-0.05703629957703704,-0.05247221503053648,-0.08294212853912988,-0.1455755420529297,-0.1501509950934775
8.912280701754385,-0.4651291623896868,-0.06627615454522563,0.05676300408703927,-0.0347743283009701,-0.025887771884394617,-0.06039179542853921,-0.12299435353916657,-0.08785474586680453
8.94736842105263,-0.45677368605445556,-0.05733122427163735,0.05963456052738599,-0.01520212297746848,-0.0030292202495685594,-0.03163254142881965,-0.07773634210486705,-0.012312860440344908
8.982456140350877,-0.44160796978935235,-0.05623385643844525,0.043008648061492884,-0.0008144563034783447,0.012899396829073803,-0.002387118592937415,-0.019824233874739305,0.058261730325591565
9.017543859649122,-0.4201881543424184,-0.062076447432253504,0.00983918116038325,0.0064790788583395514,0.019630945751249865,0.021350030780987378,0.037451143234582984,0.10762774515837781
9.052631578947368,-0.3931943120567015,-0.07324886821890998,-0.035170294405146095,0.005669401396060703,0.016220417218314638,0.03465887162278644,0.08073219618649705,0.12530096223283876
9.087719298245613,-0.3614013038984256,-0.08765329054724831,-0.08615346117183909,-0.0031729376817670463,0.0032122277131004934,0.03476273299435356,0.09977903042615305,0.10869125877573688
9.12280701754386,-0.32564935176653614,-0.10295108944134118,-0.1367652080563024,-0.018882461111004015,-0.017435349214649967,0.02159326747085998,0.08987984275707213,0.06320472941336408
9.157894736842104,-0.28681536850148887,-0.11681482062446949,-0.18088421508867286,-0.03934605625108176,-0.0426498562170792,-0.0022487339164646847,0.0529332474613356,0.00045463428969279296
9.19298245614035,-0.24578593893277811,-0.1271598333207627,-0.21325793018740985,-0.06178486244029936,-0.06871148890476664,-0.03209567158583321,-0.0030230536673682418,-0.06483064949331199
9.228070175438596,-0.20343267984249264,-0.13233410290482747,-0.2300241413263035,-0.08312269410071485,-0.0918041683993569,-0.0622153895681917,-0.06569143166606348,-0.11835762669865968
9.26315789473684,-0.1605905339127521,-0.1312507500352608,-0.22906024118338278,-0.10038248687654489,-0.10855808390687516,-0.0869733912568903,-0.12133042840283882,-0.14940491840408987
9.298245614035087,-0.11803938065955283,-0.12345470517636424,-0.21013240883671458,-0.11105235715147183,-0.11649797538613088,-0.10189789745013068,-0.15783317829645468,-0.15286358016355478
9.333333333333332,-0.07648918294833201,-0.10912227735707002,-0.17483974467992794,-0.11337247263275477,-0.11433291878420784,-0.10443230893677326,-0.167354606124124,-0.12982561861886024
9.368421052631579,-0.03656873653615316,-0.08899922451211384,-0.12637033441074358,-0.1065104003745391,-0.10205443648470203,-0.09424593093938241,-0.1479026163944257,-0.086741340196693
9.403508771929824,0.0011820435799918538,-0.06428864070753137,-0.06910500157999774,-0.09061234570486873,-0.08084410665086367,-0.07308134944356635,-0.1035683321517002,-0.03349215095679241
9.43859649122807,0.036316479536184866,-0.03650408261034785,-0.008118350394791987,-0.06673696030115418,-0.05282308453549219,-0.04421927647113556,-0.04339551390752894,0.019069392368483942
9.473684210526315,0.06848240057329533,-0.007305568228381458,0.05136553081164522,-0.036693958501104434,-0.020698741517625407,-0.011716071745106596,0.020798762728144668,0.06150847509838654
9.50877192982456,0.09742066643214636,0.02166367355324342,0.10450404696926946,-0.0028194949636853733,0.012625387810492675,0.020398941161941603,0.07711321969772902,0.08761422390465869
9.543859649122806,0.12296133108837515,0.04892340728659211,0.1472999830795885,0.03227666319453812,0.04441190005941128,0.04879309559001682,0.11612953087457077,0.09530591140680159
9.578947368421051,0.1450178603424328,0.07327235532176489,0.1769546602198397,0.06596013513742463,0.07237256324212313,0.07124556735051601,0.132782686704284,0.08655878121578932
9.614035087719298,0.16357982487874995,0.09386491059112885,0.19208068633277542,0.09579251170505766,0.0948413115617242,0.08676074069863651,0.12714652175876837,0.0664887820668432
9.649122807017543,0.1787044824423243,0.11024433900865674,0.19276072465417882,0.1197086005970053,0.11083023859828456,0.09540873054488225,0.10401392417304389,0.0418923064054324
9.68421052631579,0.19050764145690252,0.12233301139875936,0.18045513510627692,0.13614493247261555,0.11998378334773958,0.09798229926386008,0.07143403289927899,0.01960780284156744
9.719298245614034,0.1991541665437756,0.13038456389888803,0.15777641562283082,0.14412159139699646,0.1224626855642881,0.09559066152674311,0.03860067740261455,0.0050512140740465936
9.75438596491228,0.20484844678679362,0.13490640371716928,0.1281606517095653,0.14328365378722044,0.11879726930802288,0.08930820809471007,0.013616193972041363,0.001195397375461666
9.789473684210526,0.20782510288218956,0.1365633693755427,0.09547463529263053,0.13390925287795155,0.10974841730233889,0.07996395357374333,0.0016573098160587718,0.008143791818837814
9.82456140350877,0.20834016194053923,0.13607447140303108,0.06360136458510243,0.11688917319170258,0.09620531723710452,0.06810648386623239,0.0039503460083890295,0.023320422147753928
9.859649122807017,0.20666288081345435,0.1341144691098714,0.03604619640122441,0.09367922626667499,0.07913432519368634,0.05412408553559839,0.017754776773213157,0.04218593289869275
9.894736842105262,0.2030683522119076,0.13123069706617205,0.01560135561439483,0.06622307884411918,0.05957666140713774,0.03845519173811002,0.037309339802214514,0.0593077084995737
9.929824561403509,0.19783098403190455,0.12778326179103294,0.004098557198425067,0.03684122144474353,0.03867787083655543,0.021801158582044657,0.05547159488842536,0.06956727404594974
9.964912280701753,0.19121890232449057,0.12391378019473201,0.0022691823074862047,0.00808245056563145,0.017722224511139,0.005256396522585499,0.06563063654214793,0.0692795598256025
10.0,0.18348929302524347,0.11954456166471192,0.00971993955552293,-0.017462039860517226,-0.0018574745479634225,-0.009702226255285842,0.06342529293983885,0.05702225003496303
